datetime_local,temp_c,humidity_pct,cloud_cover_pct,wind_speed_kmh,ghi_wm2,dni_wm2,dhi_wm2
2026-05-01 00:00:00,5.6,86,100,5.4,0.0,0.0,0.0
2026-05-01 01:00:00,5.8,87,100,3.0,0.0,0.0,0.0
2026-05-01 02:00:00,5.9,85,100,2.4,0.0,0.0,0.0
2026-05-01 03:00:00,6.0,87,100,2.7,0.0,0.0,0.0
2026-05-01 04:00:00,5.8,94,100,3.8,5.0,0.0,5.0
2026-05-01 05:00:00,6.2,92,98,3.3,34.0,0.0,34.0
2026-05-01 06:00:00,6.9,82,66,5.4,291.0,420.7,132.0
2026-05-01 07:00:00,8.0,75,78,4.7,372.0,347.9,184.0
2026-05-01 08:00:00,9.5,66,50,3.6,522.0,459.8,210.0
2026-05-01 09:00:00,10.9,59,62,5.2,708.0,632.2,213.0
2026-05-01 10:00:00,11.6,51,58,1.5,590.0,373.2,274.0
2026-05-01 11:00:00,12.3,46,99,2.8,640.0,367.5,322.0
2026-05-01 12:00:00,14.5,41,86,8.2,630.0,422.7,276.0
2026-05-01 13:00:00,14.7,40,82,6.9,478.0,266.6,274.0
2026-05-01 14:00:00,15.1,40,79,7.9,424.0,318.4,216.0
2026-05-01 15:00:00,14.9,33,86,10.7,233.0,117.7,173.0
2026-05-01 16:00:00,14.7,32,81,11.0,144.0,107.6,107.0
2026-05-01 17:00:00,14.2,33,74,10.8,61.0,83.7,47.0
2026-05-01 18:00:00,11.7,49,78,4.3,4.0,0.0,4.0
2026-05-01 19:00:00,10.3,51,84,2.6,0.0,0.0,0.0
2026-05-01 20:00:00,9.6,53,89,1.6,0.0,0.0,0.0
2026-05-01 21:00:00,8.1,67,68,3.8,0.0,0.0,0.0
2026-05-01 22:00:00,6.9,78,70,3.6,0.0,0.0,0.0
2026-05-01 23:00:00,5.7,84,30,3.8,0.0,0.0,0.0
2026-05-02 00:00:00,3.4,99,57,4.3,0.0,0.0,0.0
2026-05-02 01:00:00,2.6,99,59,3.7,0.0,0.0,0.0
2026-05-02 02:00:00,2.2,96,49,4.0,0.0,0.0,0.0
2026-05-02 03:00:00,1.8,93,42,3.9,0.0,0.0,0.0
2026-05-02 04:00:00,1.8,92,47,3.8,19.0,52.9,15.0
2026-05-02 05:00:00,3.9,87,17,1.6,132.0,296.0,71.0
2026-05-02 06:00:00,8.6,67,2,2.2,312.0,550.5,102.0
2026-05-02 07:00:00,12.1,54,6,1.5,496.0,691.6,120.0
2026-05-02 08:00:00,14.7,50,63,2.2,620.0,660.3,170.0
2026-05-02 09:00:00,16.2,35,65,7.1,590.0,436.5,247.0
2026-05-02 10:00:00,17.2,32,70,6.6,662.0,445.1,284.0
2026-05-02 11:00:00,17.5,30,100,6.4,576.0,318.1,300.0
2026-05-02 12:00:00,16.6,41,80,11.3,496.0,210.7,319.0
2026-05-02 13:00:00,16.9,38,67,10.0,533.0,346.5,267.0
2026-05-02 14:00:00,17.0,38,59,6.5,484.0,401.0,221.0
2026-05-02 15:00:00,16.6,37,74,8.6,344.0,318.1,181.0
2026-05-02 16:00:00,15.8,38,76,7.8,187.0,196.1,119.0
2026-05-02 17:00:00,14.6,44,86,10.0,58.0,70.4,46.0
2026-05-02 18:00:00,12.9,52,68,5.1,6.0,17.2,5.0
2026-05-02 19:00:00,11.1,61,65,4.1,0.0,0.0,0.0
2026-05-02 20:00:00,9.6,64,32,5.9,0.0,0.0,0.0
2026-05-02 21:00:00,8.6,68,77,6.5,0.0,0.0,0.0
2026-05-02 22:00:00,8.5,72,62,5.2,0.0,0.0,0.0
2026-05-02 23:00:00,7.6,79,79,5.4,0.0,0.0,0.0
2026-05-03 00:00:00,5.4,93,43,4.9,0.0,0.0,0.0
2026-05-03 01:00:00,4.7,97,83,4.3,0.0,0.0,0.0
2026-05-03 02:00:00,4.4,100,84,3.7,0.0,0.0,0.0
2026-05-03 03:00:00,4.1,100,85,3.2,0.0,0.0,0.0
2026-05-03 04:00:00,4.3,99,91,1.6,14.0,12.9,13.0
2026-05-03 05:00:00,6.1,93,77,1.1,87.0,85.8,69.0
2026-05-03 06:00:00,9.6,79,95,2.1,248.0,210.4,167.0
2026-05-03 07:00:00,11.1,65,88,4.4,405.0,354.8,211.0
2026-05-03 08:00:00,12.3,56,79,4.1,514.0,406.1,236.0
2026-05-03 09:00:00,13.3,50,80,4.0,593.0,405.8,273.0
2026-05-03 10:00:00,14.1,49,66,7.0,662.0,427.3,298.0
2026-05-03 11:00:00,15.0,46,67,7.3,719.0,490.7,292.0
2026-05-03 12:00:00,14.6,38,42,5.9,785.0,648.2,239.0
2026-05-03 13:00:00,14.9,39,45,7.9,731.0,710.3,184.0
2026-05-03 14:00:00,14.9,38,49,8.7,581.0,605.9,182.0
2026-05-03 15:00:00,14.6,39,57,9.7,411.0,516.4,145.0
2026-05-03 16:00:00,13.9,42,46,8.8,245.0,388.8,109.0
2026-05-03 17:00:00,13.1,44,48,6.9,98.0,224.5,59.0
2026-05-03 18:00:00,10.9,57,38,5.8,6.0,0.0,6.0
2026-05-03 19:00:00,9.0,64,23,4.7,0.0,0.0,0.0
2026-05-03 20:00:00,8.3,70,11,4.1,0.0,0.0,0.0
2026-05-03 21:00:00,7.7,71,0,3.6,0.0,0.0,0.0
2026-05-03 22:00:00,7.3,68,4,2.3,0.0,0.0,0.0
2026-05-03 23:00:00,6.5,70,2,1.6,0.0,0.0,0.0
2026-05-04 00:00:00,3.9,93,20,4.1,0.0,0.0,0.0
2026-05-04 01:00:00,3.2,94,42,3.3,0.0,0.0,0.0
2026-05-04 02:00:00,3.2,92,3,2.6,0.0,0.0,0.0
2026-05-04 03:00:00,3.1,90,0,2.6,0.0,0.0,0.0
2026-05-04 04:00:00,3.3,88,0,2.4,22.0,63.1,17.0
2026-05-04 05:00:00,4.8,88,0,2.2,141.0,332.6,70.0
2026-05-04 06:00:00,8.2,74,0,1.5,310.0,522.7,107.0
2026-05-04 07:00:00,11.5,64,0,2.9,492.0,663.6,127.0
2026-05-04 08:00:00,14.1,57,0,3.3,655.0,753.5,137.0
2026-05-04 09:00:00,16.3,50,0,4.5,782.0,810.1,141.0
2026-05-04 10:00:00,17.9,45,0,7.2,862.0,842.7,142.0
2026-05-04 11:00:00,19.2,40,0,9.5,884.0,851.4,141.0
2026-05-04 12:00:00,22.0,33,1,13.5,845.0,838.1,137.0
2026-05-04 13:00:00,22.3,33,7,13.8,756.0,809.0,131.0
2026-05-04 14:00:00,22.1,35,6,14.8,620.0,753.3,122.0
2026-05-04 15:00:00,21.6,35,1,14.3,457.0,677.8,106.0
2026-05-04 16:00:00,21.0,38,0,11.2,277.0,541.5,86.0
2026-05-04 17:00:00,19.9,40,0,5.1,107.0,305.2,53.0
2026-05-04 18:00:00,18.2,45,0,5.8,8.0,16.3,7.0
2026-05-04 19:00:00,15.2,59,0,5.7,0.0,0.0,0.0
2026-05-04 20:00:00,12.4,71,0,4.3,0.0,0.0,0.0
2026-05-04 21:00:00,10.6,80,0,4.3,0.0,0.0,0.0
2026-05-04 22:00:00,9.2,87,0,4.2,0.0,0.0,0.0
2026-05-04 23:00:00,8.3,90,17,4.4,1.0,0.0,0.0
2026-05-05 00:00:00,8.3,89,0,5.1,0.0,0.0,0.0
2026-05-05 01:00:00,6.8,97,50,5.5,0.0,0.0,0.0
2026-05-05 02:00:00,6.0,99,59,5.6,0.0,0.0,0.0
2026-05-05 03:00:00,5.5,99,58,5.5,0.0,0.0,0.0
2026-05-05 04:00:00,5.5,99,57,5.4,22.0,37.0,19.0
2026-05-05 05:00:00,7.9,96,38,3.7,139.0,276.4,79.0
2026-05-05 06:00:00,12.8,74,0,1.6,314.0,515.7,112.0
2026-05-05 07:00:00,16.3,58,0,2.6,494.0,658.1,130.0
2026-05-05 08:00:00,19.2,58,0,2.5,660.0,751.9,141.0
2026-05-05 09:00:00,21.7,48,0,3.7,787.0,809.9,144.0
2026-05-05 10:00:00,23.3,41,0,6.1,866.0,842.6,144.0
2026-05-05 11:00:00,24.4,37,0,8.2,889.0,853.7,142.0
2026-05-05 12:00:00,25.0,36,0,8.9,850.0,845.2,134.0
2026-05-05 13:00:00,25.3,34,0,10.5,759.0,816.8,126.0
2026-05-05 14:00:00,25.1,33,0,10.6,624.0,765.5,116.0
2026-05-05 15:00:00,24.6,34,11,9.5,458.0,682.0,103.0
2026-05-05 16:00:00,23.9,36,15,8.7,275.0,528.6,87.0
2026-05-05 17:00:00,22.6,41,0,7.2,108.0,299.9,54.0
2026-05-05 18:00:00,17.5,54,18,6.6,8.0,15.9,7.0
2026-05-05 19:00:00,15.6,60,25,4.7,0.0,0.0,0.0
2026-05-05 20:00:00,14.7,61,2,3.8,0.0,0.0,0.0
2026-05-05 21:00:00,11.7,78,1,5.6,0.0,0.0,0.0
2026-05-05 22:00:00,10.0,89,0,5.6,0.0,0.0,0.0
2026-05-05 23:00:00,8.6,98,45,5.6,0.0,0.0,0.0
2026-05-06 00:00:00,8.3,99,59,6.4,0.0,0.0,0.0
2026-05-06 01:00:00,7.8,98,53,5.8,0.0,0.0,0.0
2026-05-06 02:00:00,7.1,99,59,3.8,0.0,0.0,0.0
2026-05-06 03:00:00,6.5,99,61,6.4,0.0,0.0,0.0
2026-05-06 04:00:00,6.6,99,57,4.3,23.0,36.2,20.0
2026-05-06 05:00:00,9.3,95,37,4.6,141.0,276.5,80.0
2026-05-06 06:00:00,14.8,76,56,1.9,256.0,238.0,162.0
2026-05-06 07:00:00,17.9,62,78,1.1,450.0,487.3,179.0
2026-05-06 08:00:00,20.4,57,93,3.9,591.0,538.2,218.0
2026-05-06 09:00:00,22.2,43,100,6.4,733.0,637.8,225.0
2026-05-06 10:00:00,23.3,43,65,8.2,774.0,587.7,269.0
2026-05-06 11:00:00,23.9,39,79,10.4,755.0,508.3,309.0
2026-05-06 12:00:00,25.0,35,100,11.3,779.0,606.3,264.0
2026-05-06 13:00:00,25.2,34,75,11.9,715.0,657.4,204.0
2026-05-06 14:00:00,25.0,34,100,11.9,539.0,496.9,208.0
2026-05-06 15:00:00,24.3,37,100,10.4,321.0,187.3,223.0
2026-05-06 16:00:00,23.8,39,100,7.7,173.0,47.4,156.0
2026-05-06 17:00:00,22.8,42,95,6.1,70.0,16.4,67.0
2026-05-06 18:00:00,19.4,49,52,6.4,9.0,15.5,8.0
2026-05-06 19:00:00,18.6,55,76,7.5,0.0,0.0,0.0
2026-05-06 20:00:00,17.8,61,95,5.9,0.0,0.0,0.0
2026-05-06 21:00:00,16.9,63,100,5.6,0.0,0.0,0.0
2026-05-06 22:00:00,16.6,69,99,5.1,0.0,0.0,0.0
2026-05-06 23:00:00,15.9,70,100,5.0,0.0,0.0,0.0
2026-05-07 00:00:00,15.0,78,100,7.5,0.0,0.0,0.0
2026-05-07 01:00:00,14.8,78,100,4.4,0.0,0.0,0.0
2026-05-07 02:00:00,14.5,80,97,2.9,0.0,0.0,0.0
2026-05-07 03:00:00,14.3,82,95,2.8,0.0,0.0,0.0
2026-05-07 04:00:00,13.8,89,97,4.3,11.0,0.0,11.0
2026-05-07 05:00:00,14.6,86,100,5.3,56.0,13.4,53.0
2026-05-07 06:00:00,16.9,74,100,1.8,140.0,72.8,111.0
2026-05-07 07:00:00,18.4,65,93,2.6,284.0,146.7,202.0
2026-05-07 08:00:00,19.6,60,100,5.5,415.0,185.4,286.0
2026-05-07 09:00:00,20.9,54,100,6.0,616.0,378.0,314.0
2026-05-07 10:00:00,21.9,52,100,7.4,692.0,391.1,355.0
2026-05-07 11:00:00,22.5,50,100,6.4,656.0,279.6,410.0
2026-05-07 12:00:00,21.6,54,100,3.3,404.0,103.3,316.0
2026-05-07 13:00:00,21.8,52,100,6.5,373.0,120.6,279.0
2026-05-07 14:00:00,21.4,50,100,8.9,264.0,71.8,216.0
2026-05-07 15:00:00,20.5,49,100,12.0,149.0,13.3,142.0
2026-05-07 16:00:00,18.7,60,100,9.3,73.0,0.0,73.0
2026-05-07 17:00:00,17.3,72,100,3.1,27.0,0.0,27.0
2026-05-07 18:00:00,16.9,60,99,3.3,5.0,0.0,5.0
2026-05-07 19:00:00,15.1,72,62,5.0,0.0,0.0,0.0
2026-05-07 20:00:00,13.5,79,91,3.8,0.0,0.0,0.0
2026-05-07 21:00:00,12.7,85,100,3.3,0.0,0.0,0.0
2026-05-07 22:00:00,11.8,93,100,2.6,0.0,0.0,0.0
2026-05-07 23:00:00,11.3,96,100,3.6,0.0,0.0,0.0
2026-05-08 00:00:00,11.5,95,90,4.0,0.0,0.0,0.0
2026-05-08 01:00:00,10.7,97,84,4.4,0.0,0.0,0.0
2026-05-08 02:00:00,10.1,97,89,2.5,0.0,0.0,0.0
2026-05-08 03:00:00,9.9,97,97,3.8,0.0,0.0,0.0
2026-05-08 04:00:00,10.3,97,100,4.2,16.0,0.0,16.0
2026-05-08 05:00:00,12.4,96,100,2.4,81.0,4.4,80.0
2026-05-08 06:00:00,16.4,75,100,1.4,281.0,324.0,151.0
2026-05-08 07:00:00,19.1,62,100,2.5,428.0,384.4,212.0
2026-05-08 08:00:00,20.9,57,94,3.5,562.0,456.8,243.0
2026-05-08 09:00:00,22.4,54,100,3.2,696.0,564.0,244.0
2026-05-08 10:00:00,23.4,50,71,6.9,752.0,562.5,266.0
2026-05-08 11:00:00,24.4,45,100,5.2,777.0,574.9,270.0
2026-05-08 12:00:00,24.7,44,92,5.4,624.0,413.4,271.0
2026-05-08 13:00:00,24.9,44,92,7.3,584.0,387.5,281.0
2026-05-08 14:00:00,24.0,46,97,8.6,419.0,225.0,268.0
2026-05-08 15:00:00,23.5,47,100,5.1,274.0,134.3,203.0
2026-05-08 16:00:00,22.7,51,100,2.6,142.0,38.4,128.0
2026-05-08 17:00:00,21.0,58,100,3.9,44.0,5.3,43.0
2026-05-08 18:00:00,17.3,87,100,1.8,3.0,0.0,3.0
2026-05-08 19:00:00,16.2,91,100,2.8,0.0,0.0,0.0
2026-05-08 20:00:00,15.4,91,100,4.8,0.0,0.0,0.0
2026-05-08 21:00:00,14.9,95,100,4.0,0.0,0.0,0.0
2026-05-08 22:00:00,14.8,95,100,2.1,0.0,0.0,0.0
2026-05-08 23:00:00,14.5,98,100,0.4,0.0,0.0,0.0
2026-05-09 00:00:00,14.4,98,100,2.3,0.0,0.0,0.0
2026-05-09 01:00:00,14.3,99,100,4.2,0.0,0.0,0.0
2026-05-09 02:00:00,14.3,99,100,2.9,0.0,0.0,0.0
2026-05-09 03:00:00,14.3,99,100,4.3,0.0,0.0,0.0
2026-05-09 04:00:00,14.5,96,100,3.6,2.0,0.0,2.0
2026-05-09 05:00:00,14.6,95,100,3.2,15.0,0.0,15.0
2026-05-09 06:00:00,15.3,97,100,3.3,83.0,4.9,81.0
2026-05-09 07:00:00,15.9,95,99,5.1,115.0,17.7,105.0
2026-05-09 08:00:00,16.8,91,99,4.7,175.0,15.7,164.0
2026-05-09 09:00:00,17.5,89,97,7.4,243.0,46.0,206.0
2026-05-09 10:00:00,17.9,84,95,7.1,267.0,62.3,213.0
2026-05-09 11:00:00,18.5,80,95,7.2,331.0,78.0,262.0
2026-05-09 12:00:00,16.6,84,100,9.4,193.0,14.0,181.0
2026-05-09 13:00:00,16.2,85,100,5.5,145.0,6.4,140.0
2026-05-09 14:00:00,16.3,86,100,4.7,125.0,1.5,124.0
2026-05-09 15:00:00,16.3,85,100,5.1,105.0,1.9,104.0
2026-05-09 16:00:00,16.3,86,100,4.1,70.0,0.0,70.0
2026-05-09 17:00:00,16.0,89,98,3.6,33.0,5.2,32.0
2026-05-09 18:00:00,15.5,95,99,1.9,4.0,0.0,4.0
2026-05-09 19:00:00,15.2,96,100,1.0,0.0,0.0,0.0
2026-05-09 20:00:00,14.7,98,100,2.0,0.0,0.0,0.0
2026-05-09 21:00:00,14.4,99,100,1.5,0.0,0.0,0.0
2026-05-09 22:00:00,14.1,100,100,1.1,0.0,0.0,0.0
2026-05-09 23:00:00,13.9,100,100,0.8,0.0,0.0,0.0
2026-05-10 00:00:00,13.9,98,100,2.6,0.0,0.0,0.0
2026-05-10 01:00:00,13.3,99,97,1.3,0.0,0.0,0.0
2026-05-10 02:00:00,12.7,100,90,2.1,0.0,0.0,0.0
2026-05-10 03:00:00,12.0,99,94,1.4,0.0,0.0,0.0
2026-05-10 04:00:00,11.5,99,100,1.1,19.0,0.0,19.0
2026-05-10 05:00:00,12.7,100,98,0.5,85.0,34.2,77.0
2026-05-10 06:00:00,14.5,99,86,2.7,193.0,108.0,149.0
2026-05-10 07:00:00,16.7,86,44,5.0,420.0,393.1,197.0
2026-05-10 08:00:00,19.4,78,7,6.3,645.0,669.6,174.0
2026-05-10 09:00:00,21.6,63,0,8.9,778.0,791.5,140.0
2026-05-10 10:00:00,23.2,55,1,7.4,854.0,822.2,140.0
2026-05-10 11:00:00,24.2,46,18,7.6,829.0,761.6,154.0
2026-05-10 12:00:00,24.6,42,7,8.4,807.0,757.3,157.0
2026-05-10 13:00:00,24.8,39,30,7.4,705.0,704.4,151.0
2026-05-10 14:00:00,24.7,39,27,8.4,537.0,540.1,172.0
2026-05-10 15:00:00,24.2,40,37,10.9,381.0,461.0,135.0
2026-05-10 16:00:00,23.8,38,55,9.7,264.0,424.5,107.0
2026-05-10 17:00:00,22.8,41,100,5.6,114.0,260.8,63.0
2026-05-10 18:00:00,19.8,54,25,4.0,13.0,42.5,10.0
2026-05-10 19:00:00,17.4,62,26,4.5,0.0,0.0,0.0
2026-05-10 20:00:00,15.1,76,100,6.0,0.0,0.0,0.0
2026-05-10 21:00:00,13.8,85,100,6.0,0.0,0.0,0.0
2026-05-10 22:00:00,12.7,89,100,6.2,0.0,0.0,0.0
2026-05-10 23:00:00,12.2,91,100,6.6,0.0,0.0,0.0
2026-05-11 00:00:00,14.8,93,100,4.1,0.0,0.0,0.0
2026-05-11 01:00:00,14.4,94,100,6.3,0.0,0.0,0.0
2026-05-11 02:00:00,14.3,92,100,4.4,0.0,0.0,0.0
2026-05-11 03:00:00,14.0,92,100,2.3,0.0,0.0,0.0
2026-05-11 04:00:00,14.0,94,100,3.4,18.0,0.0,18.0
2026-05-11 05:00:00,15.1,91,96,3.4,80.0,4.2,79.0
2026-05-11 06:00:00,15.8,88,87,3.2,113.0,56.1,90.0
2026-05-11 07:00:00,17.2,84,85,8.5,295.0,212.3,174.0
2026-05-11 08:00:00,18.7,75,98,4.2,373.0,206.9,227.0
2026-05-11 09:00:00,19.1,75,96,2.4,309.0,105.2,224.0
2026-05-11 10:00:00,19.5,77,88,2.0,401.0,142.4,277.0
2026-05-11 11:00:00,20.4,75,83,1.1,561.0,273.5,318.0
2026-05-11 12:00:00,23.0,58,74,6.6,632.0,360.3,322.0
2026-05-11 13:00:00,23.5,57,62,6.2,639.0,464.1,273.0
2026-05-11 14:00:00,23.4,55,100,5.6,496.0,368.7,246.0
2026-05-11 15:00:00,23.0,53,100,5.6,288.0,121.2,223.0
2026-05-11 16:00:00,22.2,59,100,4.0,131.0,0.0,131.0
2026-05-11 17:00:00,20.1,74,100,2.0,48.0,0.0,48.0
2026-05-11 18:00:00,17.0,90,100,10.6,7.0,0.0,7.0
2026-05-11 19:00:00,16.5,91,77,5.5,0.0,0.0,0.0
2026-05-11 20:00:00,16.1,91,96,2.4,0.0,0.0,0.0
2026-05-11 21:00:00,15.1,95,72,1.8,0.0,0.0,0.0
2026-05-11 22:00:00,14.4,97,97,5.9,0.0,0.0,0.0
2026-05-11 23:00:00,14.5,94,73,1.5,0.0,0.0,0.0
2026-05-12 00:00:00,14.7,96,82,2.5,0.0,0.0,0.0
2026-05-12 01:00:00,14.3,97,83,3.4,0.0,0.0,0.0
2026-05-12 02:00:00,14.0,98,93,1.6,0.0,0.0,0.0
2026-05-12 03:00:00,13.7,99,100,2.6,0.0,0.0,0.0
2026-05-12 04:00:00,13.9,99,100,0.8,18.0,10.8,17.0
2026-05-12 05:00:00,14.3,96,100,4.2,58.0,25.0,52.0
2026-05-12 06:00:00,15.0,90,98,4.0,125.0,24.2,115.0
2026-05-12 07:00:00,16.1,85,100,5.5,249.0,111.8,185.0
2026-05-12 08:00:00,17.3,79,100,9.2,453.0,268.3,263.0
2026-05-12 09:00:00,18.2,81,100,10.8,586.0,302.3,341.0
2026-05-12 10:00:00,18.4,77,100,11.3,544.0,186.8,381.0
2026-05-12 11:00:00,18.5,75,100,13.0,550.0,150.5,416.0
2026-05-12 12:00:00,20.4,51,50,28.0,769.0,598.3,253.0
2026-05-12 13:00:00,20.1,50,26,23.8,737.0,736.0,155.0
2026-05-12 14:00:00,18.7,55,94,9.8,505.0,485.0,175.0
2026-05-12 15:00:00,17.5,57,91,12.2,185.0,120.7,120.0
2026-05-12 16:00:00,16.4,51,100,18.8,74.0,56.0,53.0
2026-05-12 17:00:00,15.6,45,82,17.4,40.0,29.8,34.0
2026-05-12 18:00:00,16.4,65,100,3.4,13.0,13.6,12.0
2026-05-12 19:00:00,15.2,67,100,3.3,0.0,0.0,0.0
2026-05-12 20:00:00,14.4,70,100,3.8,1.0,0.0,0.0
2026-05-12 21:00:00,13.9,78,100,8.0,0.0,0.0,0.0
2026-05-12 22:00:00,13.2,85,100,3.4,0.0,0.0,0.0
2026-05-12 23:00:00,12.5,85,100,4.0,0.0,0.0,0.0
2026-05-13 00:00:00,12.2,73,100,18.4,0.0,0.0,0.0
2026-05-13 01:00:00,10.6,70,21,24.9,0.0,0.0,0.0
2026-05-13 02:00:00,9.0,68,36,21.9,0.0,0.0,0.0
2026-05-13 03:00:00,8.5,65,85,21.7,0.0,0.0,0.0
2026-05-13 04:00:00,8.3,65,47,14.8,31.0,63.8,25.0
2026-05-13 05:00:00,9.3,68,0,12.1,161.0,333.2,80.0
2026-05-13 06:00:00,10.7,68,33,4.5,340.0,522.1,123.0
2026-05-13 07:00:00,12.1,61,19,8.7,517.0,643.5,147.0
2026-05-13 08:00:00,13.4,58,59,13.9,627.0,639.1,173.0
2026-05-13 09:00:00,14.5,43,4,19.4,743.0,669.5,199.0
2026-05-13 10:00:00,15.1,41,50,22.7,858.0,727.2,222.0
2026-05-13 11:00:00,15.1,43,59,23.7,759.0,522.2,293.0
2026-05-13 12:00:00,16.7,44,100,22.7,722.0,532.1,262.0
2026-05-13 13:00:00,16.2,46,100,21.0,522.0,282.5,298.0
2026-05-13 14:00:00,15.5,48,100,20.1,415.0,222.7,263.0
2026-05-13 15:00:00,15.2,48,100,18.9,259.0,77.6,217.0
2026-05-13 16:00:00,14.6,49,98,15.2,177.0,74.1,149.0
2026-05-13 17:00:00,14.1,49,100,10.5,76.0,53.8,65.0
2026-05-13 18:00:00,13.1,50,91,9.4,11.0,0.0,11.0
2026-05-13 19:00:00,12.4,56,100,7.0,0.0,0.0,0.0
2026-05-13 20:00:00,12.2,58,100,5.9,1.0,0.0,0.0
2026-05-13 21:00:00,11.9,59,100,4.7,0.0,0.0,0.0
2026-05-13 22:00:00,11.1,61,100,3.8,0.0,0.0,0.0
2026-05-13 23:00:00,10.1,65,100,3.6,0.0,0.0,0.0
2026-05-14 00:00:00,5.9,82,37,3.1,0.0,0.0,0.0
2026-05-14 01:00:00,5.2,83,0,3.0,0.0,0.0,0.0
2026-05-14 02:00:00,4.6,86,1,3.0,0.0,0.0,0.0
2026-05-14 03:00:00,4.2,85,1,2.3,0.0,0.0,0.0
2026-05-14 04:00:00,4.5,87,0,2.5,37.0,115.3,26.0
2026-05-14 05:00:00,7.1,91,9,3.0,174.0,402.5,75.0
2026-05-14 06:00:00,11.0,73,31,0.4,345.0,538.0,120.0
2026-05-14 07:00:00,13.7,59,14,1.8,526.0,673.7,137.0
2026-05-14 08:00:00,15.4,51,22,4.9,691.0,771.9,141.0
2026-05-14 09:00:00,16.5,47,18,4.8,755.0,693.6,190.0
2026-05-14 10:00:00,17.2,43,16,4.3,738.0,522.5,280.0
2026-05-14 11:00:00,18.0,39,31,4.1,728.0,480.9,298.0
2026-05-14 12:00:00,18.1,39,89,2.6,615.0,295.5,359.0
2026-05-14 13:00:00,18.4,38,88,3.1,569.0,314.5,319.0
2026-05-14 14:00:00,18.6,39,40,4.0,524.0,395.7,253.0
2026-05-14 15:00:00,18.4,40,20,6.1,446.0,522.6,162.0
2026-05-14 16:00:00,17.7,41,14,8.0,305.0,549.1,96.0
2026-05-14 17:00:00,16.7,48,35,4.7,129.0,299.1,67.0
2026-05-14 18:00:00,14.4,61,9,3.7,17.0,52.3,13.0
2026-05-14 19:00:00,11.9,74,27,4.6,0.0,0.0,0.0
2026-05-14 20:00:00,10.0,85,34,5.2,0.0,0.0,0.0
2026-05-14 21:00:00,8.6,93,47,5.4,0.0,0.0,0.0
2026-05-14 22:00:00,7.9,94,42,5.6,0.0,0.0,0.0
2026-05-14 23:00:00,7.2,95,47,5.6,0.0,0.0,0.0
2026-05-15 00:00:00,6.3,96,93,5.6,0.0,0.0,0.0
2026-05-15 01:00:00,5.9,96,80,5.0,0.0,0.0,0.0
2026-05-15 02:00:00,5.3,98,96,4.7,0.0,0.0,0.0
2026-05-15 03:00:00,5.0,98,100,4.8,0.0,0.0,0.0
2026-05-15 04:00:00,5.5,98,95,4.2,34.0,10.3,33.0
2026-05-15 05:00:00,8.7,92,99,2.5,146.0,160.8,106.0
2026-05-15 06:00:00,12.9,75,38,0.4,328.0,461.1,134.0
2026-05-15 07:00:00,15.8,63,59,0.8,486.0,564.1,159.0
2026-05-15 08:00:00,17.6,57,100,3.2,646.0,657.6,176.0
2026-05-15 09:00:00,18.8,52,94,5.6,737.0,649.0,207.0
2026-05-15 10:00:00,19.2,47,84,7.5,564.0,291.4,308.0
2026-05-15 11:00:00,20.3,45,61,4.1,673.0,404.0,311.0
2026-05-15 12:00:00,19.9,48,77,4.0,589.0,335.2,298.0
2026-05-15 13:00:00,20.5,46,36,2.5,661.0,525.8,242.0
2026-05-15 14:00:00,20.8,46,24,0.8,614.0,647.8,169.0
2026-05-15 15:00:00,20.7,46,32,0.5,447.0,546.0,149.0
2026-05-15 16:00:00,20.4,48,26,1.8,292.0,493.2,103.0
2026-05-15 17:00:00,19.5,53,37,3.8,127.0,290.3,66.0
2026-05-15 18:00:00,17.5,59,100,1.6,18.0,38.5,15.0
2026-05-15 19:00:00,15.0,69,90,4.4,0.0,0.0,0.0
2026-05-15 20:00:00,12.9,85,46,4.9,0.0,0.0,0.0
2026-05-15 21:00:00,11.4,90,43,5.6,0.0,0.0,0.0
2026-05-15 22:00:00,10.3,90,37,5.3,0.0,0.0,0.0
2026-05-15 23:00:00,9.5,94,62,5.2,0.0,0.0,0.0
2026-05-16 00:00:00,9.4,98,87,4.8,0.0,0.0,0.0
2026-05-16 01:00:00,9.0,99,78,4.8,0.0,0.0,0.0
2026-05-16 02:00:00,8.8,98,80,4.3,0.0,0.0,0.0
2026-05-16 03:00:00,8.6,98,77,3.3,0.0,0.0,0.0
2026-05-16 04:00:00,9.4,96,75,3.8,29.0,30.6,26.0
2026-05-16 05:00:00,12.2,90,65,5.0,123.0,159.1,83.0
2026-05-16 06:00:00,16.1,83,100,4.4,325.0,458.4,131.0
2026-05-16 07:00:00,18.0,77,100,6.2,485.0,539.6,171.0
2026-05-16 08:00:00,19.5,66,100,10.9,637.0,608.3,201.0
2026-05-16 09:00:00,20.7,61,100,9.5,715.0,554.7,261.0
2026-05-16 10:00:00,21.7,58,100,10.2,766.0,489.6,335.0
2026-05-16 11:00:00,22.3,54,100,10.8,724.0,379.8,383.0
2026-05-16 12:00:00,21.5,57,100,14.5,506.0,235.6,301.0
2026-05-16 13:00:00,18.5,79,100,8.9,205.0,3.8,202.0
2026-05-16 14:00:00,19.1,78,100,10.8,257.0,4.4,254.0
2026-05-16 15:00:00,18.0,86,100,13.4,162.0,18.2,152.0
2026-05-16 16:00:00,17.1,90,100,7.7,54.0,0.0,54.0
2026-05-16 17:00:00,16.5,90,99,8.7,32.0,4.7,31.0
2026-05-16 18:00:00,15.9,87,100,10.0,5.0,0.0,5.0
2026-05-16 19:00:00,15.4,90,100,7.8,0.0,0.0,0.0
2026-05-16 20:00:00,15.2,90,100,10.1,0.0,0.0,0.0
2026-05-16 21:00:00,15.2,90,100,8.6,0.0,0.0,0.0
2026-05-16 22:00:00,15.1,91,100,9.4,0.0,0.0,0.0
2026-05-16 23:00:00,14.9,91,100,11.2,0.0,0.0,0.0
2026-05-17 00:00:00,14.3,82,100,20.3,0.0,0.0,0.0
2026-05-17 01:00:00,13.9,83,100,18.4,0.0,0.0,0.0
2026-05-17 02:00:00,13.1,83,100,18.8,0.0,0.0,0.0
2026-05-17 03:00:00,12.5,81,100,16.9,0.0,0.0,0.0
2026-05-17 04:00:00,12.2,81,100,12.6,4.0,0.0,4.0
2026-05-17 05:00:00,12.0,82,100,12.3,16.0,0.0,16.0
2026-05-17 06:00:00,13.0,74,100,20.2,33.0,2.4,32.0
2026-05-17 07:00:00,13.3,74,100,18.4,89.0,8.6,84.0
2026-05-17 08:00:00,13.6,73,100,18.0,159.0,22.3,143.0
2026-05-17 09:00:00,14.7,69,100,13.7,339.0,50.0,298.0
2026-05-17 10:00:00,15.9,65,99,12.3,440.0,108.8,344.0
2026-05-17 11:00:00,16.4,62,100,10.9,427.0,105.6,332.0
2026-05-17 12:00:00,15.3,73,92,12.7,391.0,102.1,302.0
2026-05-17 13:00:00,16.2,70,100,7.2,486.0,239.8,294.0
2026-05-17 14:00:00,16.4,66,100,5.1,374.0,185.2,246.0
2026-05-17 15:00:00,15.9,64,100,4.8,133.0,16.4,124.0
2026-05-17 16:00:00,15.2,75,97,9.4,108.0,30.9,96.0
2026-05-17 17:00:00,14.5,77,82,9.3,99.0,106.6,76.0
2026-05-17 18:00:00,13.1,84,45,4.7,17.0,24.8,15.0
2026-05-17 19:00:00,12.1,86,67,4.1,0.0,0.0,0.0
2026-05-17 20:00:00,11.8,86,57,2.3,0.0,0.0,0.0
2026-05-17 21:00:00,11.7,81,32,1.8,0.0,0.0,0.0
2026-05-17 22:00:00,11.0,83,28,2.2,0.0,0.0,0.0
2026-05-17 23:00:00,10.2,87,1,3.0,0.0,0.0,0.0
2026-05-18 00:00:00,10.8,91,4,3.1,0.0,0.0,0.0
2026-05-18 01:00:00,10.3,90,3,3.4,0.0,0.0,0.0
2026-05-18 02:00:00,9.7,91,10,3.7,0.0,0.0,0.0
2026-05-18 03:00:00,9.4,91,11,3.1,0.0,0.0,0.0
2026-05-18 04:00:00,9.8,91,6,2.1,40.0,99.4,30.0
2026-05-18 05:00:00,12.1,89,22,2.5,170.0,354.8,79.0
2026-05-18 06:00:00,13.7,83,70,7.1,319.0,411.4,143.0
2026-05-18 07:00:00,15.4,77,39,9.2,494.0,564.8,163.0
2026-05-18 08:00:00,16.7,71,78,10.9,641.0,617.6,196.0
2026-05-18 09:00:00,16.8,65,98,11.6,597.0,326.0,329.0
2026-05-18 10:00:00,16.7,65,93,11.8,455.0,125.6,344.0
2026-05-18 11:00:00,17.2,64,94,11.8,442.0,124.3,330.0
2026-05-18 12:00:00,18.9,61,88,12.3,454.0,214.1,267.0
2026-05-18 13:00:00,19.3,57,92,10.6,429.0,199.3,269.0
2026-05-18 14:00:00,19.7,55,80,8.4,382.0,206.3,239.0
2026-05-18 15:00:00,19.0,54,89,8.9,269.0,162.9,179.0
2026-05-18 16:00:00,17.8,55,72,11.9,193.0,179.2,123.0
2026-05-18 17:00:00,16.8,53,71,11.2,100.0,142.0,69.0
2026-05-18 18:00:00,17.0,58,70,10.9,18.0,24.4,16.0
2026-05-18 19:00:00,15.1,62,48,6.2,0.0,0.0,0.0
2026-05-18 20:00:00,13.9,65,46,4.1,0.0,0.0,0.0
2026-05-18 21:00:00,12.6,72,59,3.1,0.0,0.0,0.0
2026-05-18 22:00:00,11.8,79,72,3.7,0.0,0.0,0.0
2026-05-18 23:00:00,11.3,86,80,3.6,0.0,0.0,0.0
2026-05-19 00:00:00,8.9,86,49,3.3,0.0,0.0,0.0
2026-05-19 01:00:00,8.6,85,64,2.9,0.0,0.0,0.0
2026-05-19 02:00:00,8.4,83,75,3.1,0.0,0.0,0.0
2026-05-19 03:00:00,8.4,82,73,3.2,0.0,0.0,0.0
2026-05-19 04:00:00,9.1,78,78,2.7,30.0,39.3,26.0
2026-05-19 05:00:00,11.1,76,90,3.8,130.0,170.0,86.0
2026-05-19 06:00:00,14.8,74,93,4.5,248.0,221.0,153.0
2026-05-19 07:00:00,16.9,65,97,5.0,444.0,381.0,220.0
2026-05-19 08:00:00,18.6,58,100,5.4,579.0,408.4,284.0
2026-05-19 09:00:00,19.9,56,100,5.5,623.0,288.9,385.0
2026-05-19 10:00:00,21.0,53,100,5.4,769.0,515.1,313.0
2026-05-19 11:00:00,21.4,51,100,4.9,674.0,274.7,426.0
2026-05-19 12:00:00,22.0,49,100,2.3,718.0,439.9,333.0
2026-05-19 13:00:00,22.0,48,100,1.3,529.0,233.7,341.0
2026-05-19 14:00:00,22.3,46,91,1.3,489.0,313.6,271.0
2026-05-19 15:00:00,22.3,45,100,5.6,360.0,223.5,236.0
2026-05-19 16:00:00,21.6,48,87,7.2,220.0,170.5,153.0
2026-05-19 17:00:00,20.5,49,90,5.2,110.0,117.7,84.0
2026-05-19 18:00:00,18.0,46,100,6.5,15.0,0.0,15.0
2026-05-19 19:00:00,16.5,55,100,5.2,0.0,0.0,0.0
2026-05-19 20:00:00,16.2,56,91,3.8,0.0,0.0,0.0
2026-05-19 21:00:00,14.9,63,100,3.9,0.0,0.0,0.0
2026-05-19 22:00:00,14.4,64,100,2.8,0.0,0.0,0.0
2026-05-19 23:00:00,14.0,65,100,0.8,0.0,0.0,0.0
2026-05-20 00:00:00,13.2,69,97,1.9,0.0,0.0,0.0
2026-05-20 01:00:00,12.0,74,100,1.8,0.0,0.0,0.0
2026-05-20 02:00:00,11.0,81,97,1.5,0.0,0.0,0.0
2026-05-20 03:00:00,10.1,89,100,2.2,0.0,0.0,0.0
2026-05-20 04:00:00,10.2,96,100,3.2,39.0,29.1,36.0
2026-05-20 05:00:00,12.8,91,100,2.1,153.0,195.3,102.0
2026-05-20 06:00:00,16.4,78,64,4.6,334.0,469.9,131.0
2026-05-20 07:00:00,18.7,67,63,6.3,507.0,595.1,156.0
2026-05-20 08:00:00,20.5,58,42,6.2,660.0,674.0,172.0
2026-05-20 09:00:00,21.9,57,67,6.5,779.0,747.6,162.0
2026-05-20 10:00:00,22.6,57,87,4.9,742.0,588.6,220.0
2026-05-20 11:00:00,23.2,54,94,8.7,702.0,429.0,314.0
2026-05-20 12:00:00,23.7,48,100,7.5,619.0,367.2,297.0
2026-05-20 13:00:00,23.7,46,100,11.2,483.0,235.7,293.0
2026-05-20 14:00:00,23.9,44,92,13.0,477.0,328.6,248.0
2026-05-20 15:00:00,23.3,42,77,19.2,409.0,447.1,160.0
2026-05-20 16:00:00,22.5,41,75,19.6,257.0,341.4,122.0
2026-05-20 17:00:00,21.6,45,100,14.5,99.0,129.7,70.0
2026-05-20 18:00:00,18.6,59,45,8.0,22.0,59.1,17.0
2026-05-20 19:00:00,17.4,66,17,6.5,0.0,0.0,0.0
2026-05-20 20:00:00,16.4,72,31,5.1,0.0,0.0,0.0
2026-05-20 21:00:00,15.1,77,1,5.2,0.0,0.0,0.0
2026-05-20 22:00:00,13.6,82,0,4.1,0.0,0.0,0.0
2026-05-20 23:00:00,12.3,89,6,3.7,0.0,0.0,0.0
2026-05-21 00:00:00,12.4,89,39,4.1,0.0,0.0,0.0
2026-05-21 01:00:00,12.0,89,79,3.6,0.0,0.0,0.0
2026-05-21 02:00:00,11.6,90,75,4.0,0.0,0.0,0.0
2026-05-21 03:00:00,11.4,92,80,4.2,0.0,0.0,0.0
2026-05-21 04:00:00,12.6,88,72,4.7,39.0,86.5,30.0
2026-05-21 05:00:00,16.0,82,29,5.6,175.0,364.6,79.0
2026-05-21 06:00:00,17.7,70,73,4.3,333.0,456.3,135.0
2026-05-21 07:00:00,20.7,63,21,9.1,516.0,635.6,140.0
2026-05-21 08:00:00,22.1,48,52,18.7,659.0,691.8,157.0
2026-05-21 09:00:00,22.8,47,57,20.0,716.0,587.8,230.0
2026-05-21 10:00:00,23.7,44,44,22.8,783.0,607.9,243.0
2026-05-21 11:00:00,24.3,42,14,24.9,861.0,744.0,187.0
2026-05-21 12:00:00,25.1,39,17,24.1,801.0,733.1,157.0
2026-05-21 13:00:00,25.1,39,8,23.1,758.0,765.0,140.0
2026-05-21 14:00:00,24.2,40,3,26.0,636.0,725.5,129.0
2026-05-21 15:00:00,23.8,37,1,22.3,485.0,667.3,112.0
2026-05-21 16:00:00,22.9,42,18,17.5,306.0,523.0,98.0
2026-05-21 17:00:00,22.5,41,45,15.9,135.0,300.8,67.0
2026-05-21 18:00:00,20.7,47,61,9.7,23.0,58.3,18.0
2026-05-21 19:00:00,19.3,55,82,4.0,0.0,0.0,0.0
2026-05-21 20:00:00,17.6,62,86,5.0,0.0,0.0,0.0
2026-05-21 21:00:00,16.9,58,25,4.0,0.0,0.0,0.0
2026-05-21 22:00:00,15.2,67,15,4.7,0.0,0.0,0.0
2026-05-21 23:00:00,14.1,75,13,4.2,0.0,0.0,0.0
2026-05-22 00:00:00,14.5,75,45,5.1,0.0,0.0,0.0
2026-05-22 01:00:00,13.4,83,28,4.6,0.0,0.0,0.0
2026-05-22 02:00:00,12.6,88,36,5.1,0.0,0.0,0.0
2026-05-22 03:00:00,12.5,85,57,5.4,0.0,0.0,0.0
2026-05-22 04:00:00,13.4,82,39,4.8,46.0,123.8,33.0
2026-05-22 05:00:00,16.2,78,86,5.7,163.0,290.2,86.0
2026-05-22 06:00:00,21.0,50,92,14.7,237.0,208.8,146.0
2026-05-22 07:00:00,21.5,51,78,17.4,293.0,185.4,183.0
2026-05-22 08:00:00,22.2,52,95,19.7,452.0,284.7,245.0
2026-05-22 09:00:00,22.8,51,100,17.3,436.0,181.1,286.0
2026-05-22 10:00:00,23.2,49,98,15.9,448.0,172.0,295.0
2026-05-22 11:00:00,24.0,46,97,16.0,482.0,151.0,345.0
2026-05-22 12:00:00,26.0,42,100,13.9,687.0,456.8,285.0
2026-05-22 13:00:00,25.0,45,100,13.4,549.0,332.3,280.0
2026-05-22 14:00:00,25.0,47,74,15.1,325.0,161.3,212.0
2026-05-22 15:00:00,24.4,48,85,16.2,336.0,267.4,186.0
2026-05-22 16:00:00,23.9,48,64,17.5,220.0,235.1,126.0
2026-05-22 17:00:00,23.5,49,83,15.1,107.0,179.5,66.0
2026-05-22 18:00:00,20.3,64,100,3.0,22.0,11.5,21.0
2026-05-22 19:00:00,18.9,67,100,4.9,0.0,0.0,0.0
2026-05-22 20:00:00,17.8,74,100,4.6,0.0,0.0,0.0
2026-05-22 21:00:00,16.8,77,100,4.4,0.0,0.0,0.0
2026-05-22 22:00:00,15.5,83,87,4.0,0.0,0.0,0.0
2026-05-22 23:00:00,13.9,96,92,5.3,0.0,0.0,0.0
2026-05-23 00:00:00,14.9,87,64,2.2,0.0,0.0,0.0
2026-05-23 01:00:00,13.8,93,78,2.9,0.0,0.0,0.0
2026-05-23 02:00:00,13.2,95,62,3.5,0.0,0.0,0.0
2026-05-23 03:00:00,12.5,96,61,3.7,0.0,0.0,0.0
2026-05-23 04:00:00,12.5,99,78,2.5,41.0,66.0,34.0
2026-05-23 05:00:00,15.6,91,51,1.1,159.0,243.1,94.0
2026-05-23 06:00:00,18.7,77,100,2.6,230.0,155.4,162.0
2026-05-23 07:00:00,20.7,72,100,4.0,367.0,226.9,232.0
2026-05-23 08:00:00,22.3,67,100,5.5,495.0,282.7,289.0
2026-05-23 09:00:00,23.7,64,100,5.3,618.0,338.7,337.0
2026-05-23 10:00:00,24.8,59,100,3.6,749.0,473.6,327.0
2026-05-23 11:00:00,25.5,52,100,1.5,751.0,419.3,370.0
2026-05-23 12:00:00,26.5,46,94,2.8,698.0,427.7,321.0
2026-05-23 13:00:00,26.0,46,100,10.0,600.0,394.5,280.0
2026-05-23 14:00:00,26.1,50,100,5.4,488.0,348.8,243.0
2026-05-23 15:00:00,25.9,44,100,8.3,359.0,232.7,228.0
2026-05-23 16:00:00,25.2,49,100,7.2,218.0,126.8,167.0
2026-05-23 17:00:00,24.3,54,100,3.8,103.0,43.3,93.0
2026-05-23 18:00:00,22.4,62,50,2.9,24.0,22.7,22.0
2026-05-23 19:00:00,20.4,70,4,2.1,0.0,0.0,0.0
2026-05-23 20:00:00,17.8,81,0,4.8,0.0,0.0,0.0
2026-05-23 21:00:00,15.9,93,18,4.7,0.0,0.0,0.0
2026-05-23 22:00:00,14.8,98,65,4.7,0.0,0.0,0.0
2026-05-23 23:00:00,13.9,99,92,4.1,0.0,0.0,0.0
2026-05-24 00:00:00,14.5,97,92,4.2,0.0,0.0,0.0
2026-05-24 01:00:00,14.3,97,81,4.3,0.0,0.0,0.0
2026-05-24 02:00:00,15.0,97,100,3.1,0.0,0.0,0.0
2026-05-24 03:00:00,14.7,97,68,6.5,0.0,0.0,0.0
2026-05-24 04:00:00,15.2,97,58,3.3,40.0,56.1,34.0
2026-05-24 05:00:00,16.5,95,55,5.0,161.0,237.7,97.0
2026-05-24 06:00:00,17.5,89,52,1.5,269.0,268.7,151.0
2026-05-24 07:00:00,19.5,81,82,5.9,442.0,404.1,201.0
2026-05-24 08:00:00,20.9,73,90,9.4,543.0,404.1,248.0
2026-05-24 09:00:00,22.0,70,100,9.7,660.0,438.1,296.0
2026-05-24 10:00:00,23.2,65,100,7.4,710.0,435.9,321.0
2026-05-24 11:00:00,23.6,62,100,10.2,697.0,439.5,297.0
2026-05-24 12:00:00,23.7,64,100,8.2,642.0,317.2,362.0
2026-05-24 13:00:00,23.5,67,100,5.9,523.0,200.6,360.0
2026-05-24 14:00:00,22.5,75,100,6.0,456.0,230.0,294.0
2026-05-24 15:00:00,22.8,71,88,1.1,369.0,270.8,216.0
2026-05-24 16:00:00,22.9,68,40,3.6,273.0,361.1,127.0
2026-05-24 17:00:00,22.3,70,47,3.6,138.0,265.8,76.0
2026-05-24 18:00:00,20.0,85,43,5.4,25.0,44.8,21.0
2026-05-24 19:00:00,18.3,93,83,4.0,0.0,0.0,0.0
2026-05-24 20:00:00,17.0,96,83,4.1,0.0,0.0,0.0
2026-05-24 21:00:00,16.3,96,51,3.6,0.0,0.0,0.0
2026-05-24 22:00:00,15.4,98,59,4.0,0.0,0.0,0.0
2026-05-24 23:00:00,14.4,98,57,4.1,0.0,0.0,0.0
2026-05-25 00:00:00,13.1,94,42,4.5,0.0,0.0,0.0
2026-05-25 01:00:00,12.0,94,69,4.0,0.0,0.0,0.0
2026-05-25 02:00:00,11.2,97,82,3.5,0.0,0.0,0.0
2026-05-25 03:00:00,10.6,96,64,3.5,0.0,0.0,0.0
2026-05-25 04:00:00,11.0,96,56,2.9,49.0,102.1,38.0
2026-05-25 05:00:00,14.0,93,61,1.8,180.0,321.0,93.0
2026-05-25 06:00:00,18.1,74,46,3.8,320.0,408.3,140.0
2026-05-25 07:00:00,21.0,66,46,5.2,512.0,615.6,144.0
2026-05-25 08:00:00,23.7,53,34,7.2,663.0,682.4,164.0
2026-05-25 09:00:00,25.8,47,95,9.6,779.0,716.2,183.0
2026-05-25 10:00:00,27.0,42,84,10.0,830.0,674.8,227.0
2026-05-25 11:00:00,28.3,35,89,11.8,849.0,668.3,240.0
2026-05-25 12:00:00,27.6,39,100,6.5,711.0,581.3,197.0
2026-05-25 13:00:00,28.3,38,84,5.9,644.0,534.3,209.0
2026-05-25 14:00:00,28.2,35,82,9.8,472.0,410.8,182.0
2026-05-25 15:00:00,27.0,39,94,17.3,358.0,377.5,144.0
2026-05-25 16:00:00,26.8,38,78,11.6,279.0,398.6,117.0
2026-05-25 17:00:00,26.0,40,98,5.8,130.0,195.2,84.0
2026-05-25 18:00:00,24.4,44,56,8.2,23.0,55.2,18.0
2026-05-25 19:00:00,21.7,54,100,5.6,0.0,0.0,0.0
2026-05-25 20:00:00,20.1,60,100,4.9,0.0,0.0,0.0
2026-05-25 21:00:00,18.4,68,88,4.7,0.0,0.0,0.0
2026-05-25 22:00:00,16.6,76,100,4.7,0.0,0.0,0.0
2026-05-25 23:00:00,15.9,76,99,4.3,0.0,0.0,0.0
2026-05-26 00:00:00,15.0,87,53,4.4,0.0,0.0,0.0
2026-05-26 01:00:00,13.9,91,89,4.7,0.0,0.0,0.0
2026-05-26 02:00:00,13.0,93,52,4.0,0.0,0.0,0.0
2026-05-26 03:00:00,12.1,96,71,4.1,0.0,0.0,0.0
2026-05-26 04:00:00,12.2,98,47,3.4,50.0,110.5,38.0
2026-05-26 05:00:00,15.2,93,27,1.8,185.0,352.1,89.0
2026-05-26 06:00:00,19.7,75,0,1.8,350.0,529.1,116.0
2026-05-26 07:00:00,22.8,64,0,5.2,522.0,647.6,134.0
2026-05-26 08:00:00,24.3,54,0,12.0,681.0,746.8,134.0
2026-05-26 09:00:00,25.2,52,0,9.7,798.0,790.8,139.0
2026-05-26 10:00:00,26.1,49,8,6.8,867.0,803.6,148.0
2026-05-26 11:00:00,26.9,48,3,5.4,880.0,782.4,166.0
2026-05-26 12:00:00,28.1,43,0,6.6,856.0,809.6,139.0
2026-05-26 13:00:00,28.7,40,2,9.4,773.0,784.6,133.0
2026-05-26 14:00:00,28.8,40,14,9.8,648.0,740.5,124.0
2026-05-26 15:00:00,28.6,41,3,7.9,491.0,664.6,113.0
2026-05-26 16:00:00,28.2,41,0,6.5,320.0,558.0,92.0
2026-05-26 17:00:00,27.1,48,0,4.0,153.0,374.0,64.0
2026-05-26 18:00:00,24.8,41,0,5.0,30.0,98.2,21.0
2026-05-26 19:00:00,21.3,54,0,6.6,0.0,0.0,0.0
2026-05-26 20:00:00,20.0,61,0,5.5,0.0,0.0,0.0
2026-05-26 21:00:00,18.4,70,0,4.9,0.0,0.0,0.0
2026-05-26 22:00:00,16.6,79,0,4.1,0.0,0.0,0.0
2026-05-26 23:00:00,15.5,81,0,3.7,0.0,0.0,0.0
2026-05-27 00:00:00,14.5,88,0,3.3,0.0,0.0,0.0
2026-05-27 01:00:00,13.9,90,17,3.3,0.0,0.0,0.0
2026-05-27 02:00:00,13.4,91,27,3.0,0.0,0.0,0.0
2026-05-27 03:00:00,13.0,91,31,2.5,1.0,0.0,1.0
2026-05-27 04:00:00,13.8,89,17,2.3,51.0,118.8,38.0
2026-05-27 05:00:00,17.0,85,16,1.5,183.0,353.7,86.0
2026-05-27 06:00:00,20.4,75,0,3.3,357.0,543.2,116.0
2026-05-27 07:00:00,23.4,66,6,4.8,530.0,671.2,127.0
2026-05-27 08:00:00,25.9,57,0,6.2,684.0,740.1,141.0
2026-05-27 09:00:00,27.9,45,3,8.4,806.0,798.2,140.0
2026-05-27 10:00:00,29.1,37,6,11.5,870.0,800.4,153.0
2026-05-27 11:00:00,29.8,34,15,11.8,833.0,734.3,162.0
2026-05-27 12:00:00,30.9,30,50,6.4,714.0,622.4,162.0
2026-05-27 13:00:00,31.1,30,17,10.7,680.0,627.8,167.0
2026-05-27 14:00:00,31.0,28,44,9.4,579.0,599.2,154.0
2026-05-27 15:00:00,30.7,28,52,6.2,435.0,518.7,139.0
2026-05-27 16:00:00,30.2,30,81,3.7,255.0,365.3,105.0
2026-05-27 17:00:00,28.7,33,34,8.6,105.0,183.1,61.0
2026-05-27 18:00:00,26.1,36,37,5.5,28.0,64.7,22.0
2026-05-27 19:00:00,22.5,46,65,3.1,0.0,0.0,0.0
2026-05-27 20:00:00,19.7,53,30,2.5,0.0,0.0,0.0
2026-05-27 21:00:00,17.5,67,2,2.5,0.0,0.0,0.0
2026-05-27 22:00:00,16.3,77,0,3.1,0.0,0.0,0.0
2026-05-27 23:00:00,15.1,85,0,3.8,0.0,0.0,0.0
2026-05-28 00:00:00,14.1,89,51,1.8,0.0,0.0,0.0
2026-05-28 01:00:00,14.0,86,100,2.8,0.0,0.0,0.0
2026-05-28 02:00:00,13.8,83,60,0.8,0.0,0.0,0.0
2026-05-28 03:00:00,13.8,80,0,2.5,1.0,0.0,1.0
2026-05-28 04:00:00,15.0,75,0,2.8,53.0,154.4,36.0
2026-05-28 05:00:00,17.6,79,30,1.3,187.0,380.8,82.0
2026-05-28 06:00:00,22.8,61,53,13.4,336.0,433.7,143.0
2026-05-28 07:00:00,23.3,42,24,26.1,516.0,580.1,167.0
2026-05-28 08:00:00,24.2,35,25,24.1,705.0,751.3,153.0
2026-05-28 09:00:00,25.0,28,0,23.1,841.0,839.0,140.0
2026-05-28 10:00:00,25.5,23,0,23.6,918.0,866.3,141.0
2026-05-28 11:00:00,26.0,19,0,23.7,941.0,873.3,142.0
2026-05-28 12:00:00,25.9,21,35,25.8,903.0,845.6,152.0
2026-05-28 13:00:00,25.7,21,47,25.8,820.0,828.2,142.0
2026-05-28 14:00:00,25.2,23,35,24.8,686.0,776.5,134.0
2026-05-28 15:00:00,24.2,19,53,22.6,517.0,676.0,130.0
2026-05-28 16:00:00,23.1,22,88,19.9,312.0,431.3,134.0
2026-05-28 17:00:00,22.0,20,100,20.0,150.0,239.2,92.0
2026-05-28 18:00:00,19.0,27,0,8.3,35.0,117.1,24.0
2026-05-28 19:00:00,16.8,34,11,6.2,0.0,0.0,0.0
2026-05-28 20:00:00,15.1,38,11,5.0,0.0,0.0,0.0
2026-05-28 21:00:00,14.0,46,11,4.3,0.0,0.0,0.0
2026-05-28 22:00:00,13.7,48,100,3.6,0.0,0.0,0.0
2026-05-28 23:00:00,12.6,56,100,4.6,0.0,0.0,0.0
2026-05-29 00:00:00,9.6,74,100,4.4,0.0,0.0,0.0
2026-05-29 01:00:00,8.7,80,96,4.0,0.0,0.0,0.0
2026-05-29 02:00:00,8.0,88,43,3.3,0.0,0.0,0.0
2026-05-29 03:00:00,7.5,90,34,3.8,1.0,0.0,1.0
2026-05-29 04:00:00,8.2,89,29,3.3,55.0,153.4,38.0
2026-05-29 05:00:00,12.2,84,18,0.8,194.0,393.3,85.0
2026-05-29 06:00:00,16.4,53,12,1.0,363.0,537.8,123.0
2026-05-29 07:00:00,19.3,48,15,4.0,549.0,685.3,136.0
2026-05-29 08:00:00,21.4,28,46,14.4,715.0,793.7,131.0
2026-05-29 09:00:00,22.3,25,69,16.3,837.0,827.3,145.0
2026-05-29 10:00:00,23.1,23,75,17.7,909.0,835.2,159.0
2026-05-29 11:00:00,23.7,20,47,19.5,933.0,851.5,153.0
2026-05-29 12:00:00,23.5,25,77,18.6,891.0,829.8,153.0
2026-05-29 13:00:00,23.7,26,93,20.2,802.0,796.3,149.0
2026-05-29 14:00:00,23.5,24,91,22.1,670.0,739.6,143.0
2026-05-29 15:00:00,22.8,26,100,21.6,514.0,675.6,126.0
2026-05-29 16:00:00,22.1,25,100,18.2,327.0,506.4,117.0
2026-05-29 17:00:00,21.5,26,100,15.4,156.0,294.2,84.0
2026-05-29 18:00:00,18.5,28,100,9.8,35.0,94.8,26.0
2026-05-29 19:00:00,16.0,39,100,5.1,0.0,0.0,0.0
2026-05-29 20:00:00,13.9,52,100,3.3,0.0,0.0,0.0
2026-05-29 21:00:00,12.2,68,100,0.8,0.0,0.0,0.0
2026-05-29 22:00:00,11.6,68,100,1.4,0.0,0.0,0.0
2026-05-29 23:00:00,10.4,75,100,3.5,0.0,0.0,0.0
2026-05-30 00:00:00,8.6,79,1,1.3,0.0,0.0,0.0
2026-05-30 01:00:00,8.6,77,5,2.6,0.0,0.0,0.0
2026-05-30 02:00:00,8.1,76,1,2.6,0.0,0.0,0.0
2026-05-30 03:00:00,8.2,74,0,1.5,1.0,0.0,1.0
2026-05-30 04:00:00,9.4,70,0,1.9,56.0,161.5,38.0
2026-05-30 05:00:00,12.2,74,0,1.1,194.0,395.0,84.0
2026-05-30 06:00:00,16.0,56,1,3.4,366.0,567.7,112.0
2026-05-30 07:00:00,18.8,51,0,4.3,543.0,689.1,127.0
2026-05-30 08:00:00,20.6,44,0,6.6,700.0,765.6,136.0
2026-05-30 09:00:00,22.0,40,6,8.1,818.0,807.3,142.0
2026-05-30 10:00:00,23.4,39,6,9.7,886.0,816.5,152.0
2026-05-30 11:00:00,24.9,38,62,11.2,900.0,805.8,161.0
2026-05-30 12:00:00,26.8,26,90,14.3,839.0,684.9,229.0
2026-05-30 13:00:00,27.3,24,85,16.2,783.0,747.5,169.0
2026-05-30 14:00:00,27.3,24,43,21.5,638.0,663.8,164.0
2026-05-30 15:00:00,26.2,29,12,23.8,501.0,659.7,121.0
2026-05-30 16:00:00,25.6,28,100,21.7,278.0,338.4,137.0
2026-05-30 17:00:00,24.8,30,100,16.2,88.0,16.2,84.0
2026-05-30 18:00:00,21.2,44,100,6.6,19.0,20.8,17.0
2026-05-30 19:00:00,19.7,54,100,1.8,0.0,0.0,0.0
2026-05-30 20:00:00,18.4,53,100,3.1,0.0,0.0,0.0
2026-05-30 21:00:00,16.4,64,100,5.6,0.0,0.0,0.0
2026-05-30 22:00:00,15.0,72,100,3.5,0.0,0.0,0.0
2026-05-30 23:00:00,14.3,75,100,4.0,0.0,0.0,0.0
2026-05-31 00:00:00,14.3,69,100,1.6,0.0,0.0,0.0
2026-05-31 01:00:00,13.5,77,94,1.4,0.0,0.0,0.0
2026-05-31 02:00:00,12.8,86,97,2.3,0.0,0.0,0.0
2026-05-31 03:00:00,12.3,91,100,2.9,1.0,0.0,1.0
2026-05-31 04:00:00,12.9,88,100,1.9,47.0,26.8,44.0
2026-05-31 05:00:00,15.5,77,100,1.8,157.0,168.0,110.0
2026-05-31 06:00:00,18.4,64,100,3.3,293.0,245.3,183.0
2026-05-31 07:00:00,21.0,56,38,4.6,496.0,519.3,182.0
2026-05-31 08:00:00,23.0,52,6,3.6,683.0,728.0,146.0
2026-05-31 09:00:00,23.9,47,39,2.9,765.0,716.9,164.0
2026-05-31 10:00:00,24.9,43,33,2.9,811.0,679.0,200.0
2026-05-31 11:00:00,25.5,40,75,5.7,766.0,570.8,242.0
2026-05-31 12:00:00,25.4,41,67,14.6,753.0,571.9,243.0
2026-05-31 13:00:00,24.7,42,59,16.0,657.0,522.7,227.0
2026-05-31 14:00:00,24.8,40,53,16.4,552.0,503.1,192.0
2026-05-31 15:00:00,24.2,39,44,14.8,411.0,436.2,159.0
2026-05-31 16:00:00,21.8,68,84,17.2,217.0,255.6,110.0
2026-05-31 17:00:00,20.4,76,95,13.0,81.0,96.4,57.0
2026-05-31 18:00:00,21.5,40,38,7.6,26.0,51.5,21.0
2026-05-31 19:00:00,19.7,50,11,2.4,0.0,0.0,0.0
2026-05-31 20:00:00,18.3,52,26,3.3,0.0,0.0,0.0
2026-05-31 21:00:00,16.0,61,35,4.3,0.0,0.0,0.0
2026-05-31 22:00:00,13.3,75,59,7.3,0.0,0.0,0.0
2026-05-31 23:00:00,13.4,95,48,5.2,0.0,0.0,0.0
2026-06-01 00:00:00,10.8,100,82,3.9,0.0,0.0,0.0
2026-06-01 01:00:00,10.4,99,97,2.6,0.0,0.0,0.0
2026-06-01 02:00:00,10.7,92,89,4.5,0.0,0.0,0.0
2026-06-01 03:00:00,10.3,93,100,4.2,1.0,0.0,1.0
2026-06-01 04:00:00,11.6,90,85,3.6,46.0,53.3,40.0
2026-06-01 05:00:00,14.9,89,88,0.8,148.0,174.5,99.0
2026-06-01 06:00:00,17.9,72,100,1.9,289.0,262.5,171.0
2026-06-01 07:00:00,20.5,63,100,2.0,359.0,132.1,279.0
2026-06-01 08:00:00,22.2,54,100,3.5,436.0,139.5,333.0
2026-06-01 09:00:00,23.2,53,99,4.4,411.0,90.6,335.0
2026-06-01 10:00:00,24.0,55,100,6.7,477.0,128.8,361.0
2026-06-01 11:00:00,23.2,65,100,4.0,327.0,23.9,305.0
2026-06-01 12:00:00,24.2,52,100,7.8,433.0,125.4,321.0
2026-06-01 13:00:00,24.2,52,100,6.4,437.0,161.4,304.0
2026-06-01 14:00:00,24.4,53,100,4.7,379.0,110.2,300.0
2026-06-01 15:00:00,24.4,54,100,5.5,314.0,108.7,251.0
2026-06-01 16:00:00,24.0,55,100,6.1,188.0,35.7,173.0
2026-06-01 17:00:00,22.8,62,100,2.6,74.0,0.0,74.0
2026-06-01 18:00:00,19.9,74,100,8.2,22.0,0.0,22.0
2026-06-01 19:00:00,18.9,84,100,5.6,0.0,0.0,0.0
2026-06-01 20:00:00,17.7,87,100,3.8,0.0,0.0,0.0
2026-06-01 21:00:00,16.8,91,100,3.6,0.0,0.0,0.0
2026-06-01 22:00:00,16.0,93,75,3.0,1.0,0.0,0.0
2026-06-01 23:00:00,15.4,96,94,1.8,0.0,0.0,0.0
2026-06-02 00:00:00,17.4,95,100,2.0,0.0,0.0,0.0
2026-06-02 01:00:00,17.2,96,100,2.2,0.0,0.0,0.0
2026-06-02 02:00:00,16.8,97,95,1.5,0.0,0.0,0.0
2026-06-02 03:00:00,16.5,99,99,0.5,0.0,0.0,0.0
2026-06-02 04:00:00,16.6,100,98,2.0,24.0,0.0,24.0
2026-06-02 05:00:00,17.9,95,100,3.4,92.0,35.5,82.0
2026-06-02 06:00:00,19.3,78,0,5.7,356.0,499.6,131.0
2026-06-02 07:00:00,21.1,66,0,6.1,541.0,686.1,125.0
2026-06-02 08:00:00,22.8,58,0,3.1,695.0,761.6,132.0
2026-06-02 09:00:00,24.3,49,0,0.4,774.0,713.2,175.0
2026-06-02 10:00:00,25.4,45,28,2.3,765.0,620.1,206.0
2026-06-02 11:00:00,26.5,42,75,3.6,734.0,533.7,243.0
2026-06-02 12:00:00,25.5,46,28,3.8,769.0,575.0,255.0
2026-06-02 13:00:00,25.9,44,27,5.6,747.0,700.5,169.0
2026-06-02 14:00:00,26.2,40,40,7.6,592.0,605.5,157.0
2026-06-02 15:00:00,25.9,38,11,12.2,475.0,581.7,137.0
2026-06-02 16:00:00,24.9,39,15,14.1,332.0,535.2,106.0
2026-06-02 17:00:00,24.0,39,3,13.2,169.0,387.4,71.0
2026-06-02 18:00:00,21.7,49,56,7.2,33.0,70.7,26.0
2026-06-02 19:00:00,20.0,58,48,4.8,0.0,0.0,0.0
2026-06-02 20:00:00,18.4,62,40,4.8,0.0,0.0,0.0
2026-06-02 21:00:00,17.2,71,16,4.7,0.0,0.0,0.0
2026-06-02 22:00:00,16.5,78,23,2.8,0.0,0.0,0.0
2026-06-02 23:00:00,15.5,85,21,3.1,0.0,0.0,0.0
2026-06-03 00:00:00,14.3,89,10,2.5,0.0,0.0,0.0
2026-06-03 01:00:00,13.1,92,17,3.7,0.0,0.0,0.0
2026-06-03 02:00:00,12.1,97,54,3.7,0.0,0.0,0.0
2026-06-03 03:00:00,11.6,99,64,3.3,1.0,0.0,1.0
2026-06-03 04:00:00,12.2,99,65,2.9,55.0,96.8,44.0
2026-06-03 05:00:00,15.0,94,44,1.0,185.0,286.3,104.0
2026-06-03 06:00:00,18.3,80,56,3.2,342.0,427.7,149.0
2026-06-03 07:00:00,20.2,76,54,3.4,498.0,548.5,165.0
2026-06-03 08:00:00,21.6,68,92,3.1,562.0,451.4,228.0
2026-06-03 09:00:00,22.9,60,65,3.6,649.0,409.3,305.0
2026-06-03 10:00:00,24.1,54,58,4.5,751.0,517.6,284.0
2026-06-03 11:00:00,25.1,51,52,4.9,802.0,573.4,274.0
2026-06-03 12:00:00,24.9,55,49,6.5,739.0,429.1,355.0
2026-06-03 13:00:00,25.5,50,15,5.1,760.0,684.9,194.0
2026-06-03 14:00:00,25.6,51,58,2.4,612.0,591.8,186.0
2026-06-03 15:00:00,25.4,53,88,2.5,443.0,449.7,181.0
2026-06-03 16:00:00,25.1,54,100,2.6,255.0,221.7,161.0
2026-06-03 17:00:00,24.3,59,100,2.9,134.0,137.3,99.0
2026-06-03 18:00:00,23.5,61,100,4.6,25.0,0.0,25.0
2026-06-03 19:00:00,21.6,72,100,4.9,0.0,0.0,0.0
2026-06-03 20:00:00,19.6,85,100,4.5,0.0,0.0,0.0
2026-06-03 21:00:00,19.1,85,94,9.2,0.0,0.0,0.0
2026-06-03 22:00:00,18.2,91,100,4.0,0.0,0.0,0.0
2026-06-03 23:00:00,18.2,89,100,7.6,0.0,0.0,0.0
2026-06-04 00:00:00,18.0,90,100,2.5,0.0,0.0,0.0
2026-06-04 01:00:00,17.7,92,100,3.4,0.0,0.0,0.0
2026-06-04 02:00:00,17.6,94,100,3.9,0.0,0.0,0.0
2026-06-04 03:00:00,17.7,93,100,5.9,0.0,0.0,0.0
2026-06-04 04:00:00,17.8,91,100,5.5,14.0,8.7,13.0
2026-06-04 05:00:00,18.0,90,100,6.6,40.0,0.0,40.0
2026-06-04 06:00:00,18.3,90,100,6.6,124.0,2.2,123.0
2026-06-04 07:00:00,18.9,88,100,8.7,239.0,37.8,216.0
2026-06-04 08:00:00,19.9,84,100,11.1,339.0,91.8,271.0
2026-06-04 09:00:00,20.3,82,100,4.4,354.0,114.1,258.0
2026-06-04 10:00:00,20.9,81,100,1.5,308.0,38.8,273.0
2026-06-04 11:00:00,21.5,81,100,2.8,405.0,66.2,344.0
2026-06-04 12:00:00,21.0,87,100,2.6,500.0,208.7,313.0
2026-06-04 13:00:00,21.3,84,100,1.1,460.0,177.6,313.0
2026-06-04 14:00:00,21.0,87,100,3.3,300.0,52.7,262.0
2026-06-04 15:00:00,20.4,90,100,5.6,186.0,8.6,181.0
2026-06-04 16:00:00,19.9,90,100,6.5,130.0,0.0,130.0
2026-06-04 17:00:00,19.6,90,90,3.3,96.0,38.9,86.0
2026-06-04 18:00:00,18.0,96,98,3.4,18.0,0.0,18.0
2026-06-04 19:00:00,17.5,95,100,1.8,0.0,0.0,0.0
2026-06-04 20:00:00,17.3,94,88,0.8,0.0,0.0,0.0
2026-06-04 21:00:00,17.0,95,81,1.0,0.0,0.0,0.0
2026-06-04 22:00:00,16.5,99,76,3.6,0.0,0.0,0.0
2026-06-04 23:00:00,16.0,100,96,1.8,0.0,0.0,0.0
2026-06-05 00:00:00,14.8,100,89,4.5,0.0,0.0,0.0
2026-06-05 01:00:00,14.9,100,91,3.8,0.0,0.0,0.0
2026-06-05 02:00:00,14.8,100,89,3.6,0.0,0.0,0.0
2026-06-05 03:00:00,14.7,99,84,3.2,1.0,0.0,1.0
2026-06-05 04:00:00,15.3,96,89,2.2,39.0,51.9,33.0
2026-06-05 05:00:00,16.9,95,81,1.3,123.0,137.0,84.0
2026-06-05 06:00:00,18.7,89,85,3.2,234.0,198.8,144.0
2026-06-05 07:00:00,20.3,82,80,6.3,419.0,356.7,202.0
2026-06-05 08:00:00,21.2,76,88,3.9,464.0,356.2,200.0
2026-06-05 09:00:00,22.2,72,98,4.2,574.0,412.2,227.0
2026-06-05 10:00:00,22.9,67,100,5.9,591.0,348.6,276.0
2026-06-05 11:00:00,23.7,64,100,6.6,568.0,215.8,369.0
2026-06-05 12:00:00,24.7,58,35,5.4,824.0,673.5,220.0
2026-06-05 13:00:00,24.9,57,100,3.2,701.0,535.9,257.0
2026-06-05 14:00:00,24.9,56,100,4.5,453.0,168.9,331.0
2026-06-05 15:00:00,24.8,55,100,6.6,376.0,222.0,246.0
2026-06-05 16:00:00,24.4,58,26,3.4,279.0,313.6,145.0
2026-06-05 17:00:00,23.7,64,62,4.0,170.0,371.3,74.0
2026-06-05 18:00:00,23.0,64,37,1.3,40.0,88.5,31.0
2026-06-05 19:00:00,21.7,66,100,0.8,0.0,0.0,0.0
2026-06-05 20:00:00,19.4,76,100,3.5,0.0,0.0,0.0
2026-06-05 21:00:00,17.5,93,100,4.8,0.0,0.0,0.0
2026-06-05 22:00:00,16.6,95,99,2.3,0.0,0.0,0.0
2026-06-05 23:00:00,16.1,93,99,3.1,0.0,0.0,0.0
2026-06-06 00:00:00,15.8,93,92,4.2,0.0,0.0,0.0
2026-06-06 01:00:00,15.6,96,93,3.9,0.0,0.0,0.0
2026-06-06 02:00:00,15.5,97,92,2.9,0.0,0.0,0.0
2026-06-06 03:00:00,15.8,92,77,3.2,1.0,0.0,1.0
2026-06-06 04:00:00,16.5,87,60,3.4,48.0,94.5,37.0
2026-06-06 05:00:00,18.2,89,61,2.3,151.0,217.3,89.0
2026-06-06 06:00:00,20.5,76,46,3.3,351.0,485.4,131.0
2026-06-06 07:00:00,22.5,76,64,6.7,508.0,579.8,155.0
2026-06-06 08:00:00,24.1,66,59,9.4,637.0,597.4,194.0
2026-06-06 09:00:00,25.4,58,97,12.4,711.0,558.0,241.0
2026-06-06 10:00:00,26.4,54,77,12.6,755.0,540.8,266.0
2026-06-06 11:00:00,27.1,50,69,11.0,815.0,621.8,241.0
2026-06-06 12:00:00,27.6,49,47,11.8,798.0,650.6,214.0
2026-06-06 13:00:00,27.9,47,50,9.9,741.0,672.6,183.0
2026-06-06 14:00:00,27.9,48,59,7.2,609.0,587.3,184.0
2026-06-06 15:00:00,27.3,50,76,6.7,408.0,383.3,183.0
2026-06-06 16:00:00,26.3,55,60,7.9,249.0,272.8,132.0
2026-06-06 17:00:00,25.7,60,11,4.7,152.0,280.5,79.0
2026-06-06 18:00:00,23.2,74,53,1.9,33.0,0.0,33.0
2026-06-06 19:00:00,21.2,80,6,2.8,0.0,0.0,0.0
2026-06-06 20:00:00,20.0,82,26,2.3,0.0,0.0,0.0
2026-06-06 21:00:00,18.5,93,35,3.9,0.0,0.0,0.0
2026-06-06 22:00:00,17.3,97,41,4.5,0.0,0.0,0.0
2026-06-06 23:00:00,16.3,99,64,3.6,0.0,0.0,0.0
2026-06-07 00:00:00,16.7,99,62,4.5,0.0,0.0,0.0
2026-06-07 01:00:00,16.4,100,64,4.0,0.0,0.0,0.0
2026-06-07 02:00:00,16.0,100,73,4.0,0.0,0.0,0.0
2026-06-07 03:00:00,15.9,100,77,3.8,1.0,0.0,1.0
2026-06-07 04:00:00,16.6,100,82,2.3,49.0,68.3,41.0
2026-06-07 05:00:00,18.8,93,81,1.1,142.0,160.9,96.0
2026-06-07 06:00:00,19.3,89,80,3.8,279.0,282.1,151.0
2026-06-07 07:00:00,20.0,88,88,1.5,393.0,320.0,198.0
2026-06-07 08:00:00,21.0,84,62,2.6,503.0,343.7,248.0
2026-06-07 09:00:00,22.9,78,38,3.8,734.0,576.7,248.0
2026-06-07 10:00:00,24.5,73,30,4.8,844.0,697.4,213.0
2026-06-07 11:00:00,25.6,67,37,9.7,854.0,719.9,189.0
2026-06-07 12:00:00,27.6,53,48,7.9,774.0,599.9,235.0
2026-06-07 13:00:00,27.9,49,49,7.7,678.0,546.6,224.0
2026-06-07 14:00:00,27.8,51,36,9.8,589.0,553.2,188.0
2026-06-07 15:00:00,27.8,43,34,13.7,468.0,540.5,150.0
2026-06-07 16:00:00,27.1,42,1,17.0,307.0,448.4,114.0
2026-06-07 17:00:00,26.2,45,0,16.6,175.0,401.0,70.0
2026-06-07 18:00:00,23.6,51,0,13.3,43.0,135.4,29.0
2026-06-07 19:00:00,21.4,63,0,8.3,0.0,0.0,0.0
2026-06-07 20:00:00,20.0,69,0,6.3,0.0,0.0,0.0
2026-06-07 21:00:00,18.7,75,18,5.1,0.0,0.0,0.0
2026-06-07 22:00:00,17.3,82,0,4.0,0.0,0.0,0.0
2026-06-07 23:00:00,16.2,87,0,2.7,0.0,0.0,0.0
2026-06-08 00:00:00,15.6,83,0,2.4,0.0,0.0,0.0
2026-06-08 01:00:00,14.7,88,0,1.9,0.0,0.0,0.0
2026-06-08 02:00:00,14.2,90,3,0.8,0.0,0.0,0.0
2026-06-08 03:00:00,13.7,90,17,0.8,2.0,0.0,2.0
2026-06-08 04:00:00,14.4,88,0,0.8,62.0,178.1,41.0
2026-06-08 05:00:00,17.1,79,0,2.3,198.0,401.5,83.0
2026-06-08 06:00:00,19.9,70,100,2.7,312.0,297.2,177.0
2026-06-08 07:00:00,21.9,64,100,4.2,442.0,313.3,251.0
2026-06-08 08:00:00,23.7,57,100,5.6,572.0,378.5,291.0
2026-06-08 09:00:00,25.2,46,97,7.9,667.0,364.1,360.0
2026-06-08 10:00:00,26.7,43,48,6.2,798.0,562.3,289.0
2026-06-08 11:00:00,27.3,41,34,2.2,851.0,727.0,179.0
2026-06-08 12:00:00,27.4,45,100,5.4,752.0,508.2,295.0
2026-06-08 13:00:00,27.6,43,100,4.8,699.0,515.9,270.0
2026-06-08 14:00:00,27.0,44,100,5.2,545.0,332.0,304.0
2026-06-08 15:00:00,26.6,43,27,5.5,351.0,154.3,260.0
2026-06-08 16:00:00,26.5,43,49,1.1,327.0,502.5,110.0
2026-06-08 17:00:00,24.5,47,100,11.0,148.0,265.8,78.0
2026-06-08 18:00:00,22.2,63,41,13.0,39.0,96.1,29.0
2026-06-08 19:00:00,20.1,71,51,8.4,0.0,0.0,0.0
2026-06-08 20:00:00,19.3,76,72,4.8,0.0,0.0,0.0
2026-06-08 21:00:00,18.5,82,78,4.7,0.0,0.0,0.0
2026-06-08 22:00:00,17.9,88,78,3.9,0.0,0.0,0.0
2026-06-08 23:00:00,17.1,85,100,6.5,0.0,0.0,0.0
2026-06-09 00:00:00,15.5,89,55,4.2,0.0,0.0,0.0
2026-06-09 01:00:00,14.8,91,64,4.0,0.0,0.0,0.0
2026-06-09 02:00:00,14.3,95,61,4.3,0.0,0.0,0.0
2026-06-09 03:00:00,13.6,96,49,4.6,2.0,0.0,2.0
2026-06-09 04:00:00,13.8,96,40,3.6,59.0,118.2,45.0
2026-06-09 05:00:00,17.0,92,24,1.1,193.0,341.6,95.0
2026-06-09 06:00:00,19.9,73,3,0.8,365.0,543.4,118.0
2026-06-09 07:00:00,22.2,69,8,1.8,536.0,660.6,133.0
2026-06-09 08:00:00,24.2,61,8,4.1,688.0,729.8,146.0
2026-06-09 09:00:00,25.7,56,13,6.4,806.0,782.4,146.0
2026-06-09 10:00:00,26.9,51,40,8.9,854.0,777.3,150.0
2026-06-09 11:00:00,27.6,46,78,9.7,828.0,709.2,172.0
2026-06-09 12:00:00,27.2,57,100,6.0,723.0,392.3,370.0
2026-06-09 13:00:00,27.3,55,100,7.3,642.0,355.6,346.0
2026-06-09 14:00:00,26.7,60,100,8.4,498.0,246.2,319.0
2026-06-09 15:00:00,26.9,57,100,8.2,395.0,250.5,247.0
2026-06-09 16:00:00,26.9,55,51,7.7,315.0,427.1,130.0
2026-06-09 17:00:00,26.5,57,17,3.1,172.0,377.6,72.0
2026-06-09 18:00:00,25.8,49,98,2.1,37.0,66.8,30.0
2026-06-09 19:00:00,23.4,57,100,2.3,0.0,0.0,0.0
2026-06-09 20:00:00,20.7,52,100,9.7,0.0,0.0,0.0
2026-06-09 21:00:00,20.4,73,91,8.9,0.0,0.0,0.0
2026-06-09 22:00:00,19.9,77,82,6.9,0.0,0.0,0.0
2026-06-09 23:00:00,18.6,83,36,4.8,0.0,0.0,0.0
2026-06-10 00:00:00,16.8,93,57,3.9,0.0,0.0,0.0
2026-06-10 01:00:00,16.1,95,46,3.9,0.0,0.0,0.0
2026-06-10 02:00:00,15.3,97,60,4.2,0.0,0.0,0.0
2026-06-10 03:00:00,14.8,98,68,4.5,2.0,0.0,2.0
2026-06-10 04:00:00,15.5,97,59,3.5,58.0,100.9,46.0
2026-06-10 05:00:00,19.0,93,27,1.3,192.0,327.2,98.0
2026-06-10 06:00:00,22.8,74,3,2.6,361.0,545.2,113.0
2026-06-10 07:00:00,24.5,69,9,0.8,530.0,650.5,133.0
2026-06-10 08:00:00,26.0,63,18,2.3,681.0,718.7,147.0
2026-06-10 09:00:00,27.2,59,31,3.4,789.0,722.9,179.0
2026-06-10 10:00:00,28.4,54,58,4.7,832.0,673.2,222.0
2026-06-10 11:00:00,29.3,47,49,6.2,833.0,663.5,219.0
2026-06-10 12:00:00,30.1,40,36,7.2,812.0,656.2,221.0
2026-06-10 13:00:00,30.4,38,100,6.4,727.0,618.1,212.0
2026-06-10 14:00:00,30.2,37,100,6.9,541.0,417.6,237.0
2026-06-10 15:00:00,30.0,37,100,4.4,459.0,424.0,208.0
2026-06-10 16:00:00,29.5,38,100,4.0,279.0,285.4,155.0
2026-06-10 17:00:00,28.5,45,100,2.9,141.0,131.5,106.0
2026-06-10 18:00:00,26.3,50,55,3.8,43.0,113.8,31.0
2026-06-10 19:00:00,23.6,60,6,4.0,0.0,0.0,0.0
2026-06-10 20:00:00,21.3,71,23,7.6,0.0,0.0,0.0
2026-06-10 21:00:00,20.7,77,54,6.8,0.0,0.0,0.0
2026-06-10 22:00:00,20.2,78,62,6.1,0.0,0.0,0.0
2026-06-10 23:00:00,19.3,82,67,4.8,0.0,0.0,0.0
2026-06-11 00:00:00,18.6,84,100,4.8,0.0,0.0,0.0
2026-06-11 01:00:00,17.7,89,74,4.4,0.0,0.0,0.0
2026-06-11 02:00:00,17.0,94,71,4.5,0.0,0.0,0.0
2026-06-11 03:00:00,16.6,96,66,5.2,2.0,0.0,2.0
2026-06-11 04:00:00,17.8,93,44,3.7,57.0,125.7,42.0
2026-06-11 05:00:00,21.2,87,30,2.1,189.0,337.3,92.0
2026-06-11 06:00:00,23.2,69,31,2.6,353.0,498.8,126.0
2026-06-11 07:00:00,24.7,66,96,3.4,491.0,512.7,178.0
2026-06-11 08:00:00,22.9,73,100,6.9,290.0,94.2,220.0
2026-06-11 09:00:00,24.2,70,100,6.1,374.0,50.9,331.0
2026-06-11 10:00:00,25.5,66,100,6.7,695.0,398.3,334.0
2026-06-11 11:00:00,26.3,60,100,3.2,613.0,238.7,392.0
2026-06-11 12:00:00,25.5,67,100,5.8,572.0,203.1,389.0
2026-06-11 13:00:00,25.7,64,100,1.5,535.0,219.4,352.0
2026-06-11 14:00:00,25.7,64,100,2.6,368.0,79.6,310.0
2026-06-11 15:00:00,25.4,65,100,1.0,322.0,107.9,258.0
2026-06-11 16:00:00,24.9,67,100,3.7,212.0,78.0,178.0
2026-06-11 17:00:00,24.4,70,100,5.1,108.0,26.2,101.0
2026-06-11 18:00:00,21.2,83,100,6.2,28.0,0.0,28.0
2026-06-11 19:00:00,19.7,92,100,8.3,0.0,0.0,0.0
2026-06-11 20:00:00,18.9,91,100,7.3,0.0,0.0,0.0
2026-06-11 21:00:00,18.5,94,100,1.6,0.0,0.0,0.0
2026-06-11 22:00:00,18.1,95,100,4.8,0.0,0.0,0.0
2026-06-11 23:00:00,18.0,95,100,1.8,0.0,0.0,0.0
2026-06-12 00:00:00,18.0,96,97,3.3,0.0,0.0,0.0
2026-06-12 01:00:00,18.0,95,99,1.5,0.0,0.0,0.0
2026-06-12 02:00:00,17.9,96,100,2.2,0.0,0.0,0.0
2026-06-12 03:00:00,17.6,94,100,3.6,1.0,0.0,1.0
2026-06-12 04:00:00,17.4,83,93,1.8,22.0,8.4,21.0
2026-06-12 05:00:00,17.8,84,74,6.1,111.0,97.3,83.0
2026-06-12 06:00:00,19.1,62,97,14.8,249.0,221.9,148.0
2026-06-12 07:00:00,20.3,55,100,17.7,489.0,474.9,199.0
2026-06-12 08:00:00,21.2,48,95,20.5,647.0,550.2,238.0
2026-06-12 09:00:00,22.1,43,95,24.0,780.0,633.7,245.0
2026-06-12 10:00:00,22.6,41,82,30.7,881.0,749.9,201.0
2026-06-12 11:00:00,22.4,40,100,34.5,887.0,722.2,218.0
2026-06-12 12:00:00,23.9,35,99,31.4,846.0,642.1,267.0
2026-06-12 13:00:00,24.0,34,100,28.9,730.0,517.6,298.0
2026-06-12 14:00:00,23.9,34,100,27.0,625.0,504.3,257.0
2026-06-12 15:00:00,23.5,34,10,25.6,520.0,616.1,154.0
2026-06-12 16:00:00,22.7,36,68,24.5,360.0,590.7,102.0
2026-06-12 17:00:00,21.9,37,3,22.3,185.0,405.6,76.0
2026-06-12 18:00:00,18.5,43,38,18.6,47.0,121.8,34.0
2026-06-12 19:00:00,16.7,51,31,9.6,0.0,0.0,0.0
2026-06-12 20:00:00,15.5,56,0,4.9,0.0,0.0,0.0
2026-06-12 21:00:00,15.4,51,0,2.9,0.0,0.0,0.0
2026-06-12 22:00:00,14.6,56,0,4.6,0.0,0.0,0.0
2026-06-12 23:00:00,12.7,65,0,5.2,0.0,0.0,0.0
2026-06-13 00:00:00,14.4,97,79,0.5,0.0,0.0,0.0
2026-06-13 01:00:00,14.3,98,85,1.8,0.0,0.0,0.0
2026-06-13 02:00:00,14.2,100,83,1.5,0.0,0.0,0.0
2026-06-13 03:00:00,13.8,100,78,1.5,1.0,0.0,1.0
2026-06-13 04:00:00,14.3,100,76,0.7,47.0,58.4,40.0
2026-06-13 05:00:00,16.1,92,53,4.2,162.0,218.8,99.0
2026-06-13 06:00:00,17.0,81,45,5.6,338.0,395.4,158.0
2026-06-13 07:00:00,18.7,73,35,8.2,524.0,548.6,189.0
2026-06-13 08:00:00,20.7,61,2,10.2,691.0,717.0,158.0
2026-06-13 09:00:00,22.3,50,58,12.3,795.0,737.8,172.0
2026-06-13 10:00:00,23.3,41,64,8.7,712.0,479.6,277.0
2026-06-13 11:00:00,23.6,39,89,9.3,603.0,342.1,286.0
2026-06-13 12:00:00,24.0,37,67,4.2,604.0,387.9,254.0
2026-06-13 13:00:00,24.6,36,79,3.2,619.0,434.5,256.0
2026-06-13 14:00:00,24.8,36,70,7.9,513.0,398.3,222.0
2026-06-13 15:00:00,24.4,36,72,9.1,379.0,359.7,165.0
2026-06-13 16:00:00,23.9,37,67,12.5,248.0,274.0,128.0
2026-06-13 17:00:00,22.7,40,74,14.1,142.0,207.4,86.0
2026-06-13 18:00:00,21.1,45,69,12.6,45.0,102.5,34.0
2026-06-13 19:00:00,18.9,54,100,11.8,0.0,0.0,0.0
2026-06-13 20:00:00,17.9,59,100,7.5,0.0,0.0,0.0
2026-06-13 21:00:00,17.0,64,53,4.5,0.0,0.0,0.0
2026-06-13 22:00:00,16.1,69,34,1.8,0.0,0.0,0.0
2026-06-13 23:00:00,14.5,75,5,4.2,0.0,0.0,0.0
2026-06-14 00:00:00,14.7,71,3,0.8,0.0,0.0,0.0
2026-06-14 01:00:00,13.1,83,0,2.9,0.0,0.0,0.0
2026-06-14 02:00:00,12.3,88,0,2.5,0.0,0.0,0.0
2026-06-14 03:00:00,11.8,90,8,1.8,3.0,19.1,2.0
2026-06-14 04:00:00,12.6,88,0,2.2,63.0,183.4,41.0
2026-06-14 05:00:00,15.8,83,31,3.4,198.0,399.4,83.0
2026-06-14 06:00:00,18.4,73,61,5.7,296.0,358.0,133.0
2026-06-14 07:00:00,21.0,62,17,6.5,460.0,468.4,174.0
2026-06-14 08:00:00,23.3,51,0,8.9,678.0,721.0,142.0
2026-06-14 09:00:00,24.9,44,0,9.2,818.0,805.2,138.0
2026-06-14 10:00:00,26.2,42,54,6.3,884.0,800.3,158.0
2026-06-14 11:00:00,26.9,38,68,5.0,821.0,666.6,203.0
2026-06-14 12:00:00,28.0,39,41,5.4,768.0,633.6,196.0
2026-06-14 13:00:00,28.5,39,49,4.0,702.0,580.1,217.0
2026-06-14 14:00:00,28.5,38,45,4.9,579.0,551.0,176.0
2026-06-14 15:00:00,28.3,36,50,2.2,466.0,542.0,143.0
2026-06-14 16:00:00,27.7,34,15,8.4,291.0,426.0,104.0
2026-06-14 17:00:00,26.8,35,30,6.9,180.0,391.0,74.0
2026-06-14 18:00:00,24.1,52,41,5.6,49.0,148.4,33.0
2026-06-14 19:00:00,19.8,74,36,6.8,0.0,0.0,0.0
2026-06-14 20:00:00,18.4,76,22,5.9,0.0,0.0,0.0
2026-06-14 21:00:00,17.0,83,57,5.9,0.0,0.0,0.0
2026-06-14 22:00:00,16.9,86,88,3.5,0.0,0.0,0.0
2026-06-14 23:00:00,16.8,87,100,5.2,0.0,0.0,0.0
2026-06-15 00:00:00,18.1,81,100,6.9,0.0,0.0,0.0
2026-06-15 01:00:00,17.7,85,100,6.8,0.0,0.0,0.0
2026-06-15 02:00:00,17.3,88,100,6.5,0.0,0.0,0.0
2026-06-15 03:00:00,17.3,91,100,8.1,1.0,0.0,1.0
2026-06-15 04:00:00,17.7,90,70,2.5,34.0,58.4,27.0
2026-06-15 05:00:00,18.9,88,43,3.8,181.0,333.6,85.0
2026-06-15 06:00:00,19.2,88,79,6.8,302.0,320.8,156.0
2026-06-15 07:00:00,20.7,85,66,4.0,443.0,407.9,194.0
2026-06-15 08:00:00,22.5,74,51,5.1,634.0,585.2,199.0
2026-06-15 09:00:00,23.5,69,65,3.7,724.0,590.9,225.0
2026-06-15 10:00:00,24.3,57,73,3.1,755.0,542.3,263.0
2026-06-15 11:00:00,25.1,53,47,5.1,770.0,503.6,303.0
2026-06-15 12:00:00,23.3,65,83,1.0,706.0,391.9,352.0
2026-06-15 13:00:00,23.8,64,83,2.5,583.0,323.9,312.0
2026-06-15 14:00:00,24.1,63,85,2.5,501.0,341.5,251.0
2026-06-15 15:00:00,24.1,58,72,4.7,387.0,318.3,197.0
2026-06-15 16:00:00,23.5,56,82,8.4,313.0,413.7,131.0
2026-06-15 17:00:00,22.0,58,80,9.6,157.0,268.2,84.0
2026-06-15 18:00:00,20.1,60,100,5.4,47.0,129.2,33.0
2026-06-15 19:00:00,18.4,66,100,3.3,0.0,0.0,0.0
2026-06-15 20:00:00,17.2,69,100,4.0,0.0,0.0,0.0
2026-06-15 21:00:00,16.4,66,100,4.1,0.0,0.0,0.0
2026-06-15 22:00:00,15.9,63,10,3.0,0.0,0.0,0.0
2026-06-15 23:00:00,15.4,57,18,2.3,0.0,0.0,0.0
2026-06-16 00:00:00,13.4,77,80,2.3,0.0,0.0,0.0
2026-06-16 01:00:00,13.0,75,91,1.4,0.0,0.0,0.0
2026-06-16 02:00:00,12.5,75,89,2.5,0.0,0.0,0.0
2026-06-16 03:00:00,11.6,84,93,3.6,2.0,0.0,2.0
2026-06-16 04:00:00,11.7,92,85,3.4,42.0,25.0,39.0
2026-06-16 05:00:00,13.5,92,98,2.3,93.0,27.8,85.0
2026-06-16 06:00:00,18.2,72,37,4.0,363.0,523.2,125.0
2026-06-16 07:00:00,20.4,55,8,5.4,532.0,624.3,151.0
2026-06-16 08:00:00,22.2,54,0,5.4,710.0,768.3,139.0
2026-06-16 09:00:00,23.6,50,0,5.0,835.0,825.3,138.0
2026-06-16 10:00:00,24.6,43,13,5.9,905.0,835.4,147.0
2026-06-16 11:00:00,25.4,36,19,7.6,872.0,728.8,196.0
2026-06-16 12:00:00,25.8,34,12,5.6,884.0,804.5,157.0
2026-06-16 13:00:00,26.2,32,23,1.3,764.0,713.1,167.0
2026-06-16 14:00:00,26.3,32,66,3.5,643.0,670.0,152.0
2026-06-16 15:00:00,25.9,33,59,8.3,466.0,532.0,148.0
2026-06-16 16:00:00,24.6,36,35,15.9,308.0,426.4,120.0
2026-06-16 17:00:00,23.8,34,1,11.1,183.0,380.7,79.0
2026-06-16 18:00:00,22.3,40,29,12.2,53.0,174.5,34.0
2026-06-16 19:00:00,19.5,50,33,8.2,1.0,0.0,1.0
2026-06-16 20:00:00,18.1,55,10,5.2,0.0,0.0,0.0
2026-06-16 21:00:00,16.3,65,28,3.6,0.0,0.0,0.0
2026-06-16 22:00:00,14.1,78,0,3.2,0.0,0.0,0.0
2026-06-16 23:00:00,12.5,87,1,2.5,0.0,0.0,0.0
2026-06-17 00:00:00,13.4,79,11,2.1,0.0,0.0,0.0
2026-06-17 01:00:00,13.1,78,34,1.9,0.0,0.0,0.0
2026-06-17 02:00:00,12.9,77,99,1.5,0.0,0.0,0.0
2026-06-17 03:00:00,12.7,74,100,1.3,2.0,0.0,2.0
2026-06-17 04:00:00,13.2,72,100,1.8,43.0,16.7,41.0
2026-06-17 05:00:00,15.3,78,92,1.5,177.0,257.5,103.0
2026-06-17 06:00:00,17.6,70,55,3.2,344.0,455.3,137.0
2026-06-17 07:00:00,20.4,61,43,4.4,515.0,583.6,159.0
2026-06-17 08:00:00,22.7,50,70,5.9,676.0,686.5,166.0
2026-06-17 09:00:00,24.4,41,74,8.3,707.0,517.5,270.0
2026-06-17 10:00:00,25.7,37,58,6.8,761.0,537.8,273.0
2026-06-17 11:00:00,26.6,34,50,4.5,809.0,602.5,250.0
2026-06-17 12:00:00,26.8,35,64,7.7,702.0,459.1,287.0
2026-06-17 13:00:00,27.3,34,54,6.8,679.0,513.3,249.0
2026-06-17 14:00:00,27.1,37,63,6.5,549.0,458.0,213.0
2026-06-17 15:00:00,26.4,41,56,10.6,454.0,466.2,175.0
2026-06-17 16:00:00,25.4,45,100,10.8,305.0,353.1,149.0
2026-06-17 17:00:00,25.0,42,100,11.0,166.0,255.4,96.0
2026-06-17 18:00:00,23.1,51,15,6.6,50.0,137.2,35.0
2026-06-17 19:00:00,20.4,61,7,4.1,1.0,0.0,1.0
2026-06-17 20:00:00,18.7,71,0,2.6,0.0,0.0,0.0
2026-06-17 21:00:00,17.8,73,52,2.2,0.0,0.0,0.0
2026-06-17 22:00:00,16.8,77,89,3.3,0.0,0.0,0.0
2026-06-17 23:00:00,15.8,84,75,2.7,0.0,0.0,0.0
2026-06-18 00:00:00,13.2,94,54,3.4,0.0,0.0,0.0
2026-06-18 01:00:00,12.7,94,57,3.1,0.0,0.0,0.0
2026-06-18 02:00:00,12.4,93,58,2.4,0.0,0.0,0.0
2026-06-18 03:00:00,12.6,90,76,2.1,2.0,0.0,2.0
2026-06-18 04:00:00,14.0,88,18,1.8,53.0,92.2,42.0
2026-06-18 05:00:00,17.0,80,0,3.4,194.0,365.9,89.0
2026-06-18 06:00:00,21.7,71,0,4.3,369.0,565.8,112.0
2026-06-18 07:00:00,24.3,59,0,7.4,546.0,697.1,121.0
2026-06-18 08:00:00,25.7,45,0,9.4,702.0,772.9,128.0
2026-06-18 09:00:00,26.7,40,21,9.3,797.0,767.5,149.0
2026-06-18 10:00:00,27.7,34,12,9.9,870.0,778.0,164.0
2026-06-18 11:00:00,28.5,28,9,10.7,918.0,821.2,156.0
2026-06-18 12:00:00,28.1,35,84,15.0,742.0,425.7,357.0
2026-06-18 13:00:00,28.2,34,60,16.5,745.0,623.9,222.0
2026-06-18 14:00:00,27.4,39,74,14.9,508.0,416.8,202.0
2026-06-18 15:00:00,27.0,41,65,10.1,340.0,305.4,157.0
2026-06-18 16:00:00,26.4,39,69,12.4,229.0,244.0,121.0
2026-06-18 17:00:00,25.2,40,66,12.8,126.0,185.5,75.0
2026-06-18 18:00:00,23.1,43,72,11.9,33.0,18.2,31.0
2026-06-18 19:00:00,20.7,58,55,8.4,0.0,0.0,0.0
2026-06-18 20:00:00,19.4,71,76,7.0,0.0,0.0,0.0
2026-06-18 21:00:00,18.6,79,75,5.3,0.0,0.0,0.0
2026-06-18 22:00:00,17.9,83,89,5.4,0.0,0.0,0.0
2026-06-18 23:00:00,17.2,80,73,5.4,0.0,0.0,0.0
2026-06-19 00:00:00,16.3,88,78,4.3,0.0,0.0,0.0
2026-06-19 01:00:00,16.1,89,73,5.4,0.0,0.0,0.0
2026-06-19 02:00:00,16.4,86,81,5.6,0.0,0.0,0.0
2026-06-19 03:00:00,16.6,86,72,4.7,1.0,0.0,1.0
2026-06-19 04:00:00,17.0,88,65,3.2,47.0,84.1,37.0
2026-06-19 05:00:00,19.3,80,59,2.8,163.0,240.8,94.0
2026-06-19 06:00:00,21.3,70,48,2.5,332.0,407.7,147.0
2026-06-19 07:00:00,22.7,63,31,5.3,513.0,564.6,169.0
2026-06-19 08:00:00,23.9,61,20,4.2,683.0,696.4,166.0
2026-06-19 09:00:00,24.9,57,17,4.0,795.0,741.7,169.0
2026-06-19 10:00:00,26.1,51,7,5.8,866.0,742.8,192.0
2026-06-19 11:00:00,27.1,45,5,7.2,898.0,790.9,164.0
2026-06-19 12:00:00,28.4,41,27,6.5,871.0,798.2,149.0
2026-06-19 13:00:00,28.7,41,55,3.6,767.0,717.8,165.0
2026-06-19 14:00:00,28.9,40,15,3.3,618.0,604.3,174.0
2026-06-19 15:00:00,28.7,41,20,4.8,509.0,620.1,137.0
2026-06-19 16:00:00,28.1,41,59,5.9,328.0,466.8,121.0
2026-06-19 17:00:00,27.0,44,32,6.1,162.0,275.6,86.0
2026-06-19 18:00:00,25.4,42,96,4.7,48.0,127.1,34.0
2026-06-19 19:00:00,23.3,46,100,2.6,1.0,0.0,1.0
2026-06-19 20:00:00,20.8,62,91,4.9,0.0,0.0,0.0
2026-06-19 21:00:00,18.8,79,45,4.5,0.0,0.0,0.0
2026-06-19 22:00:00,17.3,86,12,4.9,0.0,0.0,0.0
2026-06-19 23:00:00,16.0,87,34,4.5,0.0,0.0,0.0
2026-06-20 00:00:00,15.9,96,61,5.0,0.0,0.0,0.0
2026-06-20 01:00:00,15.0,98,68,4.9,0.0,0.0,0.0
2026-06-20 02:00:00,14.3,99,79,4.5,0.0,0.0,0.0
2026-06-20 03:00:00,13.8,98,77,4.2,2.0,0.0,2.0
2026-06-20 04:00:00,14.8,96,64,3.7,57.0,101.3,45.0
2026-06-20 05:00:00,18.8,90,9,1.3,190.0,339.1,93.0
2026-06-20 06:00:00,21.7,72,18,2.6,355.0,522.9,118.0
2026-06-20 07:00:00,24.0,65,28,3.9,522.0,630.8,138.0
2026-06-20 08:00:00,25.9,54,26,5.3,668.0,694.1,153.0
2026-06-20 09:00:00,27.3,47,35,7.4,778.0,725.3,166.0
2026-06-20 10:00:00,28.4,45,54,8.4,841.0,719.7,188.0
2026-06-20 11:00:00,29.3,43,46,7.1,818.0,632.5,231.0
2026-06-20 12:00:00,30.7,36,0,8.8,869.0,802.4,143.0
2026-06-20 13:00:00,31.1,36,0,8.1,795.0,790.2,132.0
2026-06-20 14:00:00,31.2,36,12,6.2,676.0,752.1,123.0
2026-06-20 15:00:00,31.0,36,9,6.3,517.0,657.7,122.0
2026-06-20 16:00:00,30.5,37,26,7.7,346.0,535.9,108.0
2026-06-20 17:00:00,29.6,42,20,5.1,184.0,368.8,82.0
2026-06-20 18:00:00,27.7,45,29,4.5,52.0,144.8,36.0
2026-06-20 19:00:00,23.7,62,4,4.3,1.0,0.0,1.0
2026-06-20 20:00:00,20.4,79,0,5.9,0.0,0.0,0.0
2026-06-20 21:00:00,19.2,79,0,5.6,0.0,0.0,0.0
2026-06-20 22:00:00,18.1,82,14,5.7,0.0,0.0,0.0
2026-06-20 23:00:00,17.0,84,0,5.6,0.0,0.0,0.0
2026-06-21 00:00:00,17.1,91,59,4.6,0.0,0.0,0.0
2026-06-21 01:00:00,16.6,96,68,4.2,0.0,0.0,0.0
2026-06-21 02:00:00,16.1,98,79,4.6,0.0,0.0,0.0
2026-06-21 03:00:00,15.9,97,67,5.0,2.0,19.1,1.0
2026-06-21 04:00:00,17.2,89,48,4.7,56.0,101.8,44.0
2026-06-21 05:00:00,21.1,81,7,3.0,188.0,332.9,93.0
2026-06-21 06:00:00,23.4,64,3,1.5,356.0,528.0,117.0
2026-06-21 07:00:00,25.8,60,0,2.6,528.0,656.0,129.0
2026-06-21 08:00:00,28.0,53,0,4.1,683.0,737.6,136.0
2026-06-21 09:00:00,29.8,44,0,5.5,801.0,783.6,140.0
2026-06-21 10:00:00,31.1,39,0,6.4,876.0,810.3,141.0
2026-06-21 11:00:00,32.2,34,2,7.8,902.0,820.0,141.0
2026-06-21 12:00:00,32.8,33,51,4.8,839.0,762.4,149.0
2026-06-21 13:00:00,33.0,33,100,2.9,735.0,694.5,152.0
2026-06-21 14:00:00,32.2,36,84,8.3,581.0,498.8,214.0
2026-06-21 15:00:00,32.2,36,61,1.5,468.0,474.1,183.0
2026-06-21 16:00:00,31.8,37,52,1.9,315.0,420.5,128.0
2026-06-21 17:00:00,30.9,42,27,2.6,167.0,324.7,77.0
2026-06-21 18:00:00,28.8,51,17,4.1,44.0,108.3,32.0
2026-06-21 19:00:00,25.0,66,0,4.7,1.0,0.0,1.0
2026-06-21 20:00:00,22.8,78,32,6.6,0.0,0.0,0.0
2026-06-21 21:00:00,21.9,79,29,5.5,0.0,0.0,0.0
2026-06-21 22:00:00,21.1,82,44,6.1,0.0,0.0,0.0
2026-06-21 23:00:00,20.8,80,49,7.3,0.0,0.0,0.0
2026-06-22 00:00:00,19.1,80,43,6.8,0.0,0.0,0.0
2026-06-22 01:00:00,19.2,78,6,6.4,0.0,0.0,0.0
2026-06-22 02:00:00,18.7,83,6,5.7,0.0,0.0,0.0
2026-06-22 03:00:00,17.9,87,0,5.0,2.0,0.0,2.0
2026-06-22 04:00:00,18.4,88,0,3.7,60.0,170.7,40.0
2026-06-22 05:00:00,21.9,84,0,1.8,191.0,386.3,81.0
2026-06-22 06:00:00,24.8,67,0,0.8,356.0,550.9,107.0
2026-06-22 07:00:00,26.5,59,0,4.0,525.0,661.5,123.0
2026-06-22 08:00:00,27.9,55,0,6.5,673.0,728.7,133.0
2026-06-22 09:00:00,29.1,52,100,7.3,784.0,754.3,148.0
2026-06-22 10:00:00,30.0,48,100,7.2,808.0,617.5,248.0
2026-06-22 11:00:00,30.4,47,100,5.9,735.0,395.4,368.0
2026-06-22 12:00:00,31.4,42,74,2.3,756.0,501.6,302.0
2026-06-22 13:00:00,31.7,42,56,4.0,698.0,530.0,253.0
2026-06-22 14:00:00,31.8,41,73,3.8,622.0,571.9,201.0
2026-06-22 15:00:00,29.6,47,100,13.0,356.0,260.9,199.0
2026-06-22 16:00:00,27.5,57,100,14.5,146.0,6.7,143.0
2026-06-22 17:00:00,26.2,63,100,10.2,103.0,7.2,101.0
2026-06-22 18:00:00,26.9,64,100,2.5,39.0,9.0,38.0
2026-06-22 19:00:00,25.3,69,100,1.8,1.0,0.0,1.0
2026-06-22 20:00:00,23.1,81,100,3.3,0.0,0.0,0.0
2026-06-22 21:00:00,21.6,88,100,3.8,0.0,0.0,0.0
2026-06-22 22:00:00,20.0,93,100,3.9,0.0,0.0,0.0
2026-06-22 23:00:00,19.0,97,89,4.3,0.0,0.0,0.0
2026-06-23 00:00:00,18.4,97,86,3.7,0.0,0.0,0.0
2026-06-23 01:00:00,17.8,98,91,4.3,0.0,0.0,0.0
2026-06-23 02:00:00,17.5,99,96,2.9,0.0,0.0,0.0
2026-06-23 03:00:00,17.4,97,96,3.6,1.0,0.0,1.0
2026-06-23 04:00:00,18.6,92,99,1.8,42.0,0.0,42.0
2026-06-23 05:00:00,20.9,83,100,2.3,124.0,56.3,108.0
2026-06-23 06:00:00,22.9,81,87,1.8,332.0,436.5,135.0
2026-06-23 07:00:00,24.4,77,100,3.6,482.0,487.6,186.0
2026-06-23 08:00:00,26.0,69,100,3.3,596.0,447.0,265.0
2026-06-23 09:00:00,27.5,61,100,3.6,721.0,541.1,265.0
2026-06-23 10:00:00,28.2,59,100,7.2,684.0,345.2,371.0
2026-06-23 11:00:00,28.2,63,100,8.7,705.0,339.4,390.0
2026-06-23 12:00:00,28.2,60,100,10.0,535.0,171.2,380.0
2026-06-23 13:00:00,26.0,82,100,9.0,396.0,73.8,334.0
2026-06-23 14:00:00,24.5,81,100,5.4,282.0,12.2,273.0
2026-06-23 15:00:00,24.9,79,100,6.2,273.0,28.2,256.0
2026-06-23 16:00:00,25.0,79,100,4.9,206.0,40.4,188.0
2026-06-23 17:00:00,23.9,86,100,4.5,109.0,14.4,105.0
2026-06-23 18:00:00,24.1,86,100,3.9,36.0,0.0,36.0
2026-06-23 19:00:00,22.7,93,100,3.0,1.0,0.0,1.0
2026-06-23 20:00:00,22.0,94,100,1.5,0.0,0.0,0.0
2026-06-23 21:00:00,21.5,93,100,2.2,0.0,0.0,0.0
2026-06-23 22:00:00,20.9,95,98,1.5,0.0,0.0,0.0
2026-06-23 23:00:00,20.1,100,76,2.2,0.0,0.0,0.0
2026-06-24 00:00:00,19.0,100,79,3.6,0.0,0.0,0.0
2026-06-24 01:00:00,18.6,100,95,3.3,0.0,0.0,0.0
2026-06-24 02:00:00,18.4,100,95,2.9,0.0,0.0,0.0
2026-06-24 03:00:00,18.3,100,95,3.4,1.0,0.0,1.0
2026-06-24 04:00:00,18.7,100,95,2.9,40.0,34.6,36.0
2026-06-24 05:00:00,19.8,98,86,0.7,130.0,113.0,98.0
2026-06-24 06:00:00,22.1,92,66,2.2,220.0,179.8,139.0
2026-06-24 07:00:00,23.7,83,58,1.1,428.0,400.8,185.0
2026-06-24 08:00:00,25.0,76,58,2.8,559.0,479.7,204.0
2026-06-24 09:00:00,25.8,73,52,3.5,667.0,523.5,226.0
2026-06-24 10:00:00,26.4,70,100,3.7,715.0,513.0,250.0
2026-06-24 11:00:00,26.6,71,100,3.3,745.0,458.0,320.0
2026-06-24 12:00:00,26.8,67,100,3.7,665.0,383.3,318.0
2026-06-24 13:00:00,27.0,63,100,0.8,608.0,347.6,316.0
2026-06-24 14:00:00,26.6,64,100,1.3,475.0,244.3,295.0
2026-06-24 15:00:00,26.4,65,100,4.1,337.0,151.0,246.0
2026-06-24 16:00:00,26.1,68,94,6.3,267.0,181.5,186.0
2026-06-24 17:00:00,25.4,75,100,4.8,159.0,186.6,107.0
2026-06-24 18:00:00,24.1,83,25,2.4,48.0,71.7,40.0
2026-06-24 19:00:00,22.6,89,100,2.8,1.0,0.0,1.0
2026-06-24 20:00:00,21.5,96,100,3.3,0.0,0.0,0.0
2026-06-24 21:00:00,20.9,95,100,1.4,0.0,0.0,0.0
2026-06-24 22:00:00,20.4,96,36,2.9,0.0,0.0,0.0
2026-06-24 23:00:00,19.4,99,58,3.6,0.0,0.0,0.0
2026-06-25 00:00:00,19.2,100,77,2.6,0.0,0.0,0.0
2026-06-25 01:00:00,18.8,100,68,2.3,0.0,0.0,0.0
2026-06-25 02:00:00,18.5,100,71,2.6,0.0,0.0,0.0
2026-06-25 03:00:00,18.0,100,84,3.9,2.0,0.0,2.0
2026-06-25 04:00:00,18.5,100,87,3.0,45.0,52.3,39.0
2026-06-25 05:00:00,19.7,100,79,2.2,148.0,155.9,104.0
2026-06-25 06:00:00,21.9,92,61,1.3,293.0,295.7,160.0
2026-06-25 07:00:00,23.9,82,20,1.5,459.0,447.5,188.0
2026-06-25 08:00:00,25.3,76,36,1.5,634.0,570.8,212.0
2026-06-25 09:00:00,26.5,72,34,3.4,753.0,609.4,240.0
2026-06-25 10:00:00,27.8,66,53,4.6,839.0,677.6,225.0
2026-06-25 11:00:00,28.8,60,46,5.0,867.0,711.4,207.0
2026-06-25 12:00:00,28.8,60,100,4.3,797.0,584.3,268.0
2026-06-25 13:00:00,29.3,57,100,5.7,682.0,486.8,273.0
2026-06-25 14:00:00,29.6,55,86,6.1,599.0,488.4,239.0
2026-06-25 15:00:00,29.5,54,69,6.6,465.0,477.8,177.0
2026-06-25 16:00:00,29.3,54,24,5.6,335.0,459.0,130.0
2026-06-25 17:00:00,28.6,60,22,3.9,183.0,369.1,80.0
2026-06-25 18:00:00,26.3,73,60,1.9,52.0,152.2,35.0
2026-06-25 19:00:00,25.0,76,48,3.1,1.0,0.0,1.0
2026-06-25 20:00:00,23.4,81,36,3.2,0.0,0.0,0.0
2026-06-25 21:00:00,21.5,96,42,4.1,0.0,0.0,0.0
2026-06-25 22:00:00,20.3,98,61,4.1,0.0,0.0,0.0
2026-06-25 23:00:00,19.3,99,59,3.9,0.0,0.0,0.0
2026-06-26 00:00:00,17.2,97,39,4.9,0.0,0.0,0.0
2026-06-26 01:00:00,16.3,98,45,4.6,0.0,0.0,0.0
2026-06-26 02:00:00,15.8,99,55,3.9,0.0,0.0,0.0
2026-06-26 03:00:00,15.6,99,59,3.5,2.0,0.0,2.0
2026-06-26 04:00:00,16.4,99,58,3.2,56.0,105.4,44.0
2026-06-26 05:00:00,19.8,94,32,1.1,185.0,312.8,97.0
2026-06-26 06:00:00,23.7,74,0,0.5,352.0,528.0,115.0
2026-06-26 07:00:00,26.3,67,0,3.3,521.0,641.5,133.0
2026-06-26 08:00:00,28.1,57,11,10.1,675.0,717.5,145.0
2026-06-26 09:00:00,29.3,51,0,8.4,796.0,777.3,142.0
2026-06-26 10:00:00,30.5,47,0,6.2,871.0,807.1,140.0
2026-06-26 11:00:00,31.3,44,0,4.8,896.0,816.1,139.0
2026-06-26 12:00:00,32.6,42,2,3.7,797.0,680.5,181.0
2026-06-26 13:00:00,33.3,38,0,6.4,765.0,721.1,159.0
2026-06-26 14:00:00,33.6,36,1,5.0,675.0,744.6,126.0
2026-06-26 15:00:00,33.4,35,12,2.4,516.0,661.6,117.0
2026-06-26 16:00:00,33.0,35,5,2.6,355.0,575.1,98.0
2026-06-26 17:00:00,31.9,43,22,3.0,188.0,408.2,74.0
2026-06-26 18:00:00,28.4,58,15,4.3,53.0,152.0,36.0
2026-06-26 19:00:00,25.2,72,0,4.0,1.0,0.0,1.0
2026-06-26 20:00:00,22.8,84,0,5.4,0.0,0.0,0.0
2026-06-26 21:00:00,21.4,88,28,5.3,0.0,0.0,0.0
2026-06-26 22:00:00,20.6,91,32,5.4,0.0,0.0,0.0
2026-06-26 23:00:00,20.4,90,54,4.7,0.0,0.0,0.0
2026-06-27 00:00:00,19.6,77,38,5.4,0.0,0.0,0.0
2026-06-27 01:00:00,18.6,83,49,5.4,0.0,0.0,0.0
2026-06-27 02:00:00,18.1,86,48,5.8,0.0,0.0,0.0
2026-06-27 03:00:00,17.7,87,28,5.6,2.0,0.0,2.0
2026-06-27 04:00:00,18.5,88,31,4.3,56.0,141.8,40.0
2026-06-27 05:00:00,21.8,86,16,2.5,185.0,346.0,88.0
2026-06-27 06:00:00,25.2,67,0,2.1,353.0,542.5,110.0
2026-06-27 07:00:00,27.9,56,0,3.3,522.0,652.3,128.0
2026-06-27 08:00:00,30.2,47,0,4.9,676.0,730.4,137.0
2026-06-27 09:00:00,31.9,39,0,6.6,796.0,779.0,141.0
2026-06-27 10:00:00,33.2,37,0,7.9,871.0,804.1,143.0
2026-06-27 11:00:00,34.2,33,18,7.6,892.0,801.2,149.0
2026-06-27 12:00:00,35.0,29,10,9.4,856.0,775.6,154.0
2026-06-27 13:00:00,35.4,28,23,7.6,782.0,756.8,146.0
2026-06-27 14:00:00,35.4,28,9,6.8,666.0,716.0,138.0
2026-06-27 15:00:00,35.1,29,33,5.7,505.0,634.9,122.0
2026-06-27 16:00:00,34.4,30,35,8.0,335.0,510.0,107.0
2026-06-27 17:00:00,32.7,38,21,5.1,181.0,372.2,77.0
2026-06-27 18:00:00,29.3,50,31,3.9,49.0,125.1,35.0
2026-06-27 19:00:00,26.1,61,59,7.9,1.0,0.0,1.0
2026-06-27 20:00:00,25.2,62,51,7.9,0.0,0.0,0.0
2026-06-27 21:00:00,24.8,62,46,8.4,0.0,0.0,0.0
2026-06-27 22:00:00,24.2,64,44,7.3,0.0,0.0,0.0
2026-06-27 23:00:00,23.3,68,56,5.3,0.0,0.0,0.0
2026-06-28 00:00:00,22.7,76,62,5.6,0.0,0.0,0.0
2026-06-28 01:00:00,22.0,78,59,5.5,0.0,0.0,0.0
2026-06-28 02:00:00,21.2,83,47,4.6,0.0,0.0,0.0
2026-06-28 03:00:00,20.2,88,44,4.6,1.0,0.0,1.0
2026-06-28 04:00:00,20.7,88,35,4.5,54.0,116.2,41.0
2026-06-28 05:00:00,23.8,82,13,2.5,183.0,333.0,90.0
2026-06-28 06:00:00,26.6,60,2,2.2,351.0,534.8,112.0
2026-06-28 07:00:00,28.8,51,0,3.6,523.0,661.6,124.0
2026-06-28 08:00:00,30.3,44,0,4.3,676.0,739.2,131.0
2026-06-28 09:00:00,31.5,40,0,5.4,795.0,783.2,137.0
2026-06-28 10:00:00,32.5,37,0,6.5,870.0,805.6,141.0
2026-06-28 11:00:00,33.4,36,0,5.8,896.0,813.4,142.0
2026-06-28 12:00:00,33.7,37,4,5.0,868.0,804.4,140.0
2026-06-28 13:00:00,34.1,36,6,4.8,794.0,779.5,139.0
2026-06-28 14:00:00,34.3,34,2,4.3,675.0,737.7,131.0
2026-06-28 15:00:00,34.1,34,8,3.1,523.0,671.3,118.0
2026-06-28 16:00:00,33.6,35,100,3.5,348.0,525.6,113.0
2026-06-28 17:00:00,32.1,43,100,3.5,181.0,336.4,87.0
2026-06-28 18:00:00,29.6,54,70,2.7,53.0,116.2,40.0
2026-06-28 19:00:00,27.4,61,2,2.2,1.0,0.0,1.0
2026-06-28 20:00:00,25.4,62,0,4.4,0.0,0.0,0.0
2026-06-28 21:00:00,22.0,81,0,4.8,0.0,0.0,0.0
2026-06-28 22:00:00,20.6,90,0,4.2,0.0,0.0,0.0
2026-06-28 23:00:00,19.7,94,24,3.9,0.0,0.0,0.0
2026-06-29 00:00:00,19.4,86,0,3.3,0.0,0.0,0.0
2026-06-29 01:00:00,19.0,84,0,3.6,0.0,0.0,0.0
2026-06-29 02:00:00,18.3,86,0,3.7,0.0,0.0,0.0
2026-06-29 03:00:00,17.4,89,0,4.5,1.0,0.0,1.0
2026-06-29 04:00:00,17.6,88,0,4.0,54.0,134.7,39.0
2026-06-29 05:00:00,20.8,84,0,1.4,181.0,337.9,87.0
2026-06-29 06:00:00,24.5,72,0,1.5,344.0,500.1,121.0
2026-06-29 07:00:00,27.8,62,0,2.6,515.0,619.4,142.0
2026-06-29 08:00:00,30.8,47,0,4.3,671.0,706.1,151.0
2026-06-29 09:00:00,33.5,36,0,6.1,795.0,763.5,154.0
2026-06-29 10:00:00,35.8,31,0,7.6,872.0,798.3,150.0
2026-06-29 11:00:00,37.6,23,52,5.5,891.0,799.6,150.0
2026-06-29 12:00:00,37.4,24,27,3.3,860.0,781.4,153.0
2026-06-29 13:00:00,37.5,23,100,4.5,742.0,678.4,172.0
2026-06-29 14:00:00,37.3,22,100,6.5,624.0,587.2,191.0
2026-06-29 15:00:00,36.7,23,100,5.8,443.0,409.4,196.0
2026-06-29 16:00:00,36.1,25,0,4.7,350.0,536.8,110.0
2026-06-29 17:00:00,34.1,36,0,2.6,191.0,425.9,72.0
2026-06-29 18:00:00,32.3,45,5,2.1,55.0,187.7,34.0
2026-06-29 19:00:00,29.7,46,23,4.2,1.0,0.0,1.0
2026-06-29 20:00:00,24.9,65,67,6.1,0.0,0.0,0.0
2026-06-29 21:00:00,23.7,71,34,5.7,0.0,0.0,0.0
2026-06-29 22:00:00,21.9,79,14,5.4,0.0,0.0,0.0
2026-06-29 23:00:00,20.4,83,11,5.9,0.0,0.0,0.0
2026-06-30 00:00:00,18.2,91,21,5.5,0.0,0.0,0.0
2026-06-30 01:00:00,17.2,89,5,5.8,0.0,0.0,0.0
2026-06-30 02:00:00,16.8,86,0,5.4,0.0,0.0,0.0
2026-06-30 03:00:00,16.6,87,0,4.0,1.0,0.0,1.0
2026-06-30 04:00:00,17.5,89,0,3.7,55.0,153.5,38.0
2026-06-30 05:00:00,21.3,84,0,2.1,184.0,361.0,84.0
2026-06-30 06:00:00,25.9,61,65,1.0,344.0,508.1,118.0
2026-06-30 07:00:00,29.5,50,76,2.0,508.0,608.8,142.0
2026-06-30 08:00:00,32.5,42,77,3.6,662.0,698.7,148.0
2026-06-30 09:00:00,35.0,32,100,6.2,777.0,726.0,168.0
2026-06-30 10:00:00,36.6,28,100,6.2,833.0,679.3,219.0
2026-06-30 11:00:00,37.6,26,95,4.4,834.0,635.8,245.0
2026-06-30 12:00:00,38.9,22,51,8.3,837.0,760.6,149.0
2026-06-30 13:00:00,39.2,19,39,10.6,708.0,620.2,187.0
2026-06-30 14:00:00,37.9,21,100,18.5,542.0,493.7,178.0
2026-06-30 15:00:00,35.5,30,80,12.6,335.0,233.7,194.0
2026-06-30 16:00:00,35.0,31,100,12.5,322.0,449.7,121.0
2026-06-30 17:00:00,33.4,39,1,5.9,183.0,368.9,80.0
2026-06-30 18:00:00,30.5,46,0,3.4,53.0,143.1,37.0
2026-06-30 19:00:00,26.7,60,0,5.2,1.0,0.0,1.0
2026-06-30 20:00:00,24.5,73,100,5.8,0.0,0.0,0.0
2026-06-30 21:00:00,23.3,78,0,5.2,0.0,0.0,0.0
2026-06-30 22:00:00,22.1,80,3,4.4,0.0,0.0,0.0
2026-06-30 23:00:00,21.4,83,0,5.9,0.0,0.0,0.0
